seq_name	sequence	tropism
AB014775_NH2_II_a1_01_AE_JP_1996_CCR5	CTRPSNNTRTGITIGPGQV-WYRTGDIIGDIRKAYC	R5
AB014776_NH2_II_a2_01_AE_JP_1996_CCR5	CTRPSNNTRTSITIGPGQV-WYRTGDIIGDIRQAYC	R5
AB014777_NH2_II_a3_01_AE_JP_1996_CCR5	CTRPSNNTRTGITIGPGQV-WYRTGDIIGDIRKAYC	R5
AB014778_NH2_II_a6_01_AE_JP_1996_CCR5	CTRPSNNTRTSITIGPGQV-WYRTGDIIGDIRKAYC	R5
AB014779_NH2_II_B14_01_AE_JP_1996_CCR5	CTRPSNNTRTSITIGPGQV-WYRTGDIIGDIRQAYC	R5
AB014780_NH2_II_B15_01_AE_JP_1996_CCR5	CTRPSNNTRTSITIGPGQV-WYRTGDIIGDIRQAYC	R5
AB014781_NH2_II_B16_01_AE_JP_1996_CCR5	CTRPSNNTRTSVTIGPGQV-WYRTGDIIGDIRQAYC	R5
AB014782_NH2_II_B3_01_AE_JP_1996_CCR5	CTRPSNNTRTGITIGPGQV-WYRTGDIIGDIRKAYC	R5
AB014783_NH2_II_B6_01_AE_JP_1996_CCR5	CTRPSNNTRTSITIGPGQV-WYRTGDIIGDIRQAYC	R5
AB014784_NH2_II_B7_01_AE_JP_1996_CCR5	CTRPSNNTRTGITIGPGQV-WYRTGDIIGDIRKAYC	R5
AB014787_NH2_II_C25_01_AE_JP_1996_CCR5	CTRPSNNTRTGITIGPGQV-WYRTGDIIGDIRKAYC	R5
AB014788_NH2_II_C26_01_AE_JP_1996_CCR5	CTRPSNNTRTSITIGPGQV-WYRTGDIIGDIRQAYC	R5
AB014789_NH2_II_C27_01_AE_JP_1996_CCR5	CTRPSNNTRTSITIGPGQV-WYRTGDIIGDIRQAYC	R5
AB014790_NH2_II_C28_01_AE_JP_1996_CCR5	CTRPSNNTRTSITIGPGQV-WYRTGDIIGDIRQAYC	R5
AB014792_NH2_II_C30_01_AE_JP_1996_CCR5	CTRPSNNTRTSITIGPGQV-WYRTGDIIGDIRQAYC	R5
AB014794_NH2_II_C4_01_AE_JP_1996_CCR5	CTRPSNNTRTSITIGPGQV-WYRTGDIIGDIRQAYC	R5
AB014797_NH2_III_13_01_AE_JP_1997_CCR5	CTRPSNNTRTGITIGPGQV-WYRTGDIIGDIRKAYC	R5
AB014803_NH2_III_5_01_AE_JP_1997_CCR5	CTRPSNNTRTGITIGPGQV-WYRTGDIIGDIRKAYC	R5
AB014807_NH2_III_8_01_AE_JP_1997_CCR5	CTRPSNNTRTGITIGPGQV-WYRTGDIIGDIRKAYC	R5
AB014809_NH2_III_9_01_AE_JP_1997_CCR5	CTRPSNNTRTGITIGPGQV-WYRTGDIIGDIRKAYC	R5
AB014834_NH2V_14_01_AE_JP_1993_CCR5	CTRPSNNTRTSITIGPGQV-WYRTGDIIGNIRKAYC	R5
AB014835_NH2V_15_01_AE_JP_1993_CCR5	CTRPSNNTRTSITIGPGQV-WYRTGDIIGNIRKAYC	R5
AB014836_NH2V_17_01_AE_JP_1993_CCR5	CTRPSNNTRTSITIGPGQV-WYRTGDIIGNIRKAYC	R5
AB014840_NH2V_26_01_AE_JP_1993_CCR5	CTRPSNNTRTSITIGPGQV-WYRTGDIIGNIRKAYC	R5
AB014841_NH2V_27_01_AE_JP_1993_CCR5	CTRPSNNTRTSITIGPGQV-WYRTGDIIGNIRKAYC	R5
AB014845_NH2V_31_01_AE_JP_1993_CCR5	CTRPSNNTRTSITIGPGQV-WYRTGDIIGNIRKAYC	R5
AB014849_NH2V_36_01_AE_JP_1993_CCR5	CTRPSNNTRTSITIGPGQV-WYRTGDIIGNIRKAYC	R5
AB014853_NH2V_7_01_AE_JP_1993_CCR5	CTRPSNNTRTSITIGPGQV-WYRTGDIIGNIRKAYC	R5
AB014855_NH3V_1_01_AE_JP_1993_CCR5	CTRPSNNTRTSITIGPGQV-WYRTGDIIGNIRKAYC	R5
AB014856_NH3V_10_01_AE_JP_1993_CCR5	CTRPSNNTRTSITIGPGQV-WYRTGDIIGNIRKAYC	R5
AB014857_NH3V_11_01_AE_JP_1993_CCR5	CTRPSNNTRTSITIGPGQV-WYRTGDIIGNIRKAYC	R5
AB014858_NH3V_17A_01_AE_JP_1993_CCR5	CTRPSNNTRTSITIGPGQV-WYRTGDIIGNIRKAYC	R5
AB014859_NH3V_19_01_AE_JP_1993_CCR5	CTRPSNNTRTSITIGPGQV-WYRTGDIIGNIRKAYC	R5
AB014860_NH3V_1A_01_AE_JP_1993_CCR5	CTRPSNNTRTSITIGPGQV-WYRTGDIIGNIRKAYC	R5
AB014861_NH3V_2_01_AE_JP_1993_CCR5	CTRPSNNTRTSITIGPGQV-WYRTGDIIGNIRKAYC	R5
AB014862_NH3V_20_01_AE_JP_1993_CCR5	CTRPSNNTRTSITIGPGQV-WYRTGDIIGNIRKAYC	R5
AB014863_NH3V_21_01_AE_JP_1993_CCR5	CTRPSNNTRTSITIGPGQV-WYRTGDIIGNIRKAYC	R5
AB014864_NH3V_22_01_AE_JP_1993_CCR5	CTRPSNNTRTSITIGPGQV-WYRTGDIIGNIRKAYC	R5
AB014867_NH3V_37_01_AE_JP_1993_CCR5	CTRPSNNTRTSITIGPGQV-WYRTGDIIGNIRKAYC	R5
AB014869_NH3V_4A_01_AE_JP_1993_CCR5	CTRPSNNTRTSITIGPGQV-WYRTGDIIGNIRKAYC	R5
AB014870_NH3V_5_01_AE_JP_1993_CCR5	CTRPSNNTRTSITIGPGQV-WYRTGDIIGNIRKAYC	R5
AB014871_NH3V_6_01_AE_JP_1993_CCR5	CTRPSNNTRTSITIGPGQV-WYRTGDIIGNIRKAYC	R5
AB014872_NH3V_7_01_AE_JP_1993_CCR5	CTRPSNNTRTSITIGPGQV-WYRTGDIIGNIRKAYC	R5
AB014873_NH3V_8_01_AE_JP_1993_CCR5	CTRPSNNTRTSITIGPGQV-WYRTGDIIGNIRKAYC	R5
AF062011_KH_001_01_AE_KH_-_CCR5	CTRPSNNTRTSITMGPGQV-FYRTGDIIGDIRKAYC	R5
AF062013_KH_003_01_AE_KH_-_CCR5	CTRPSNNTRTSITMGPGQV-FYRTGDIIGDIRKAYC	R5
AF062014_KH004_01_AE_KH_-_CCR5	CTRPSNNPRTSITMGPGQV-FYRTGDIIGDIRKAYC	R5
AF062015_KH006_01_AE_KH_-_CCR5	CTRPSNNTRTSITMGPGQA-FYRTGDIIGDIRKAYC	R5
AF062016_KH007_01_AE_KH_-_CCR5	CTRPSNNTRTSITIGPGQV-FYTTGDIIGDIRKAYC	R5
AF062017_KH008_01_AE_KH_-_CCR5	CTRPSNNTRTSITMGPGQA-FYRTGDIIGDIRKAYC	R5
AF062020_KH011_01_AE_KH_-_CCR5	CTRPSNNTRTSISIGPGQV-FYRTGDIIGDIRKAYC	R5
AF062021_KH012_01_AE_KH_-_CCR5	CTRPSNNTRTSITIGPGQV-FYRTGDIIGDIRKAYC	R5
AF062022_KH013_01_AE_KH_-_CCR5	CTRPSNNTRTSIAMGPGQV-FYRTGDIIGDIRKAYC	R5
AF062023_KH014_01_AE_KH_-_CCR5	CTRPSNNTRTSINIGPGQV-FYRTGDIIGDIRRAYC	R5
AF062026_KH018_01_AE_KH_-_CCR5	CTRPSNNTRTSISIGPGQV-FYRTGDIIGDIRKAYC	R5
AF062030_KH022_01_AE_KH_-_CCR5	CTRPSNNTRTSITIGPGQV-FYRTGDITGNIRKAYC	R5
AF062032_KH024_01_AE_KH_-_CCR5	CTRPSNNTRTSINIGPGQV-FYRTGDIIGDIRKAYC	R5
AF231045_92TH001_01_AE_TH_1992_CCR5	CTRPSNNTRTSINIGPGQV-FYRTGDIIGDIRQAYC	R5
AF259954_CM235_01_AE_TH_1990_CCR5	CTRPSNNTRTSIRIGPGQA-FYRTGDIIGDIRKAYC	R5
AF259955_CM235_01_AE_TH_1990_CCR5	CTRPSNNTRTSIRIGPGQA-FYRTGDIIGDIRKAYC	R5
AY494968_92TH001_01_AE_TH_1992_CCR5	CTRPSNNTRTSINIGPGQV-FYRTGDIIGDIRKAYC	R5
AY619929_C2_R5_ci_01_AE_SE_-_CCR5	CTRPYNNTRTSVRIGPGQA-FYKTGDIIGDIRRAYC	R5
AY669770_92TH001_01_AE_TH_1992_CCR5	CTRPSNNTRTSINIGPGQV-FYRTGDIIGDIRKAYC	R5
AY669773_92TH005_01_AE_TH_1992_CCR5	CTRPSNNTRTSIPIGPGQV-FYRTGDIIGDIRKAYC	R5
AY669775_92TH021_01_AE_TH_1992_CCR5	CTRPSNNTRTSITIGPGQV-FYRTGDIIGDIRKAYC	R5
AY669776_92TH006_01_AE_TH_1992_CCR5	CTRPSNNTRTSITIGPGQV-FYRTGDIIGDIRQAYC	R5
AY713421_96TH_NI1046_01_AE_TH_1996_CCR5	CTRPSNNTRTSITIGPGQV-FYRTGDITGDIRKAFC	R5
AY713422_98TH_NP1251_01_AE_TH_1998_CCR5	CTRPSNNTRTSINIGPGQV-FYRPGDIIGDIRKAYC	R5
AY713425_90TH_CM244_01_AE_TH_1990_CCR5	CTRPSNNTRTSITIGPGQV-FYRTGDIIGDIRKAYC	R5
AY713426_96TH_NI1149_01_AE_TH_1996_CCR5	CTRPSNNTRTSITIGPGQV-FYRTGDIIGDIRKAYC	R5
AY736837_90TH_CM235_01_AE_TH_1990_CCR5	CTRPSNNTRTSIRIGPGQA-FYRTGDIIGDIRKAYC	R5
AY736838_90TH_CM240_01_AE_TH_1990_CCR5	CTRPSNNTRTSITIGPGRV-FYRTGDIIGNIRKAYC	R5
DQ002042_PR103pre_01_01_AE_CH_1998_CCR5	CIRPFENTRTSVRIGPGQV-FYKTGDIIGDIRSAFC	R5
DQ002043_PR103pre_02_01_AE_CH_1998_CCR5	RIRPFENTRTSVRIGPGQV-FYKTGDIIGDIRSAFC	R5
DQ002044_PR103pre_03_01_AE_CH_1998_CCR5	CIRPFENTRTSVRIGPGQV-FYKTGDIIGDTRSAYC	R5
DQ002045_PR103pre_04_01_AE_CH_1998_CCR5	CTRPFENTRTSVRIGPGQV-FYKTGDIIGDIRSAFC	R5
DQ002046_PR103pre_05_01_AE_CH_1998_CCR5	CIRPFENTRTSVRIGPGQV-FYKTGDIIGDIRSAYC	R5
DQ002047_PR103pre_06_01_AE_CH_1998_CCR5	CIRPFENTRTSVRIGPGQV-FYKTGDIIGDIRSAYC	R5
DQ002048_PR103pre_07_01_AE_CH_1998_CCR5	CIRPFENTRTSVRIGPGQV-FYKTGDIIGDIRSAFC	R5
DQ002049_PR103pre_08_01_AE_CH_1998_CCR5	CIRPFENTRTSVRIGPGQV-FYKTGDIIGDIRSAYC	R5
DQ002050_PR103pre_09_01_AE_CH_1998_CCR5	CTRPFENTRTSVRIGPGQV-FYKTGDIIGDIRSAFC	R5
DQ002051_PR103pre_10_01_AE_CH_1998_CCR5	CIRPFENTRTSVRIGPGQV-FYKTGDIIGDIRSAYC	R5
DQ002052_PR103pre_11_01_AE_CH_1998_CCR5	CIRPFENTRTSVRIGPGQV-FYKTGDIIGDIRSAFC	R5
DQ002053_PR103pre_12_01_AE_CH_1998_CCR5	CIRPFENTRTSVRIGPGQV-FYKTGDIIGDIRSAYC	R5
DQ002054_PR103pre_13_01_AE_CH_1998_CCR5	CIRPFENTRTSVRIGPGQV-FYKTGDIIGDIRSAFC	R5
DQ002055_PR103pre_14_01_AE_CH_1998_CCR5	CIRPFENTRTSVRIGPGQV-FYKTGDIIGDIRSAYC	R5
DQ002056_PR103pre_15_01_AE_CH_1998_CCR5	CIRPFENTRTSVRIGPGQV-FYKTGDIIGDIRSAYC	R5
DQ002057_PR103pre_16_01_AE_CH_1998_CCR5	CTRPCNNTRTSVRIGPGQV-FYKTGDIIGDIRSAYC	R5
EU031126_WTD0978C15_01_AE_TH_-_CCR5	CTRPSNNTRTSMTIGPGQV-FYRTGDIIGDIRQAYC	R5
EU031128_AT0978C05_01_AE_TH_-_CCR5	CTRPSNNTRTSMTIGPGQV-FYRTGDIIGDIRQAYC	R5
EU031130_AT0978C14_01_AE_TH_-_CCR5	CTRPSNNTRTSMTIGPGQV-FYRTGDIIGDIRQAYC	R5
EU031141_AT0978C06_01_AE_TH_-_CCR5	CTRPSNNTRTSMTIGPGQV-FYRTGDIIGDIRQAYC	R5
EU031150_AT1021C13_01_AE_TH_-_CCR5	CTRPSNNTRTSITIGPGQV-FYRTGEITGDIRKAYC	R5
EU031153_AT1021PC30_01_AE_TH_-_CCR5	CTRPSNNTRTSITIGPGQV-FYRTGEITGDIRKAYC	R5
EU031223_WTD0377C02_01_AE_TH_-_CCR5	CTRPSSNTRTSIRIGPGQV-FYRTGDIIGDIRKAYC	R5
EU031226_WTD0377C12_01_AE_TH_-_CCR5	CTRPSNNTRTSIRIGPGQV-FYRTGDIIGNIRKAYC	R5
EU031227_WTD0377C15_01_AE_TH_-_CCR5	CTRPSNNTRTSIRIGPGQV-FYRTGDIIGNIRKAYC	R5
EU031374_WTD0858C21_01_AE_TH_-_CCR5	CTRPNNNVRTSMTIGPGQV-FYRTGEIIGNIRRAYC	R5
EU363851_AE03_01_AE_CN_2005_CCR5	CTRPSNNTRTSITIGPGQL-FYRTGDIIGDIRKAYC	R5
EU743757_21PL2_01_AE_TH_2006_CCR5	CTRPDNNTRKSITMGPGRV-FYRPGDIIGDIRKAYC	R5
EU743758_22PL1_01_AE_TH_2006_CCR5	CTRPFNNTRTSIHIGPGQA-FYKTGGIIGDIRQAYC	R5
EU743767_47CC11_01_AE_TH_2006_CCR5	CTRPSNNTRTSISFAPGQA-FYQTGDIIGDIRKAFC	R5
EU743768_47PL1_01_AE_TH_2006_CCR5	CTRPSKHTRTSISFAPGQA-FYQTGDIIGDIRKAFC	R5
EU743770_50PL1_01_AE_TH_2006_CCR5	CTRPSNNTRTSITIGPGQV-FYRAGDIIGNIRKAYC	R5
EU743771_52PB3_01_AE_TH_2006_CCR5	CTRPSNNTRKSTPIGPGQV-FYRTGDIIGDIRQAFC	R5
EU743772_52PL4_01_AE_TH_2006_CCR5	CTRPSNNTRSSTPIGPGQV-FYRTGDIIGDIRQAFC	R5
EU743773_52PL7_01_AE_TH_2006_CCR5	CTRPSNNTRKSTPIGPGQV-FYRTGDIIGDIRQAFC	R5
EU743774_55PL1_01_AE_TH_2006_CCR5	CIRPSNNTRTSIHIGPGQS-FYKTGDIVGNIRQAYC	R5
EU743776_60PB2_01_AE_TH_2006_CCR5	CTRPSNNTRTSITTGPGRI-FFRTGEIIGDIRQAYC	R5
EU743777_60PL2_01_AE_TH_2006_CCR5	CTRPSNNTRTSITTGPGRI-FFRTGEIIGDIRQAYC	R5
EU743778_62PL1_01_AE_TH_2006_CCR5	CTRPSNNTRTSIRIGPGQL-FYRTGDIIGNPRQAYC	R5
EU743781_65PL1_01_AE_TH_2006_CCR5	CTRPSNNTRTSITIGPGKV-FYQTGDIIGDIRKAFC	R5
EU743784_98PB2_01_AE_TH_2006_CCR5	CTRPSENVRTGIHIGPGQV-FYRTGDIIGDIRRAYC	R5
EU743785_99CC8_01_AE_TH_2006_CCR5	CIRPSNNTRTSVAIGPGAA-FYKTGDIIGDIRKAHC	R5
EU743786_99PB2_01_AE_TH_2006_CCR5	CIRPSNN-RTSVAIGPGAA-FYKTGDIIGDIRKAHC	R5
EU743787_99PL2_01_AE_TH_2006_CCR5	CTRPSDNVRTSVGIGPGAV-FYRTGDVIGDIRKARC	R5
EU743788_101PL1_01_AE_TH_2006_CCR5	CTRPFNNTRTGIHIGPGQV-FYRTGEIIGDIRKAYC	R5
EU743789_102CC2_01_AE_TH_2006_CCR5	CTRPSNNTRTSINIGPGRV-FYRPGDIIGDIRKAYC	R5
EU743790_104PB4_01_AE_TH_2006_CCR5	CTRPFNNTRTSMTVGPGQV-FFRTGEIIGDPRKAWC	R5
EU743791_105PB1_01_AE_TH_2006_CCR5	CTRPSNNTRTSIHIGPGQV-FYRTGDIIGNPRRAYC	R5
EU743792_105PL2_01_AE_TH_2006_CCR5	CTRPSNNTRTSINIGPGHV-FYRTGDIIGDIRKAYC	R5
EU743793_105PL3_01_AE_TH_2006_CCR5	CTRPSNNTRTSIHIGPGQV-FYRTGDIIGNPRRAYC	R5
GU475013_GX91_2_01_AE_CN_2008_CCR5	CTRPSNNTRTSITIGPGQV-FYRTGEIIGDIRKAYC	R5
GU475014_GX81_43_01_AE_CN_2008_CCR5	CTRPSNNIRTSITIGPGQV-FYKTGEIIGDIRKAYC	R5
GU475015_GX24_8_01_AE_CN_2007_CCR5	CTRPSNNTRKSITMGPGRV-YYRTGEIVGDIRKAYC	R5
GU475016_GX71_18_01_AE_CN_2008_CCR5	CTRPSNNTRTSITIGPGQV-FYRTGEIIGDIRKAYC	R5
GU475017_GX28_31_01_AE_CN_2007_CCR5	CTRPSNNTRTSITIGPGQV-FYRTGEIIGNIRQAYC	R5
GU475019_GX90_1_01_AE_CN_2008_CCR5	CTRPSNNTITSTRIGPGQV-FYRTGEIKGDIRKAYC	R5
GU475020_BJX4_6_01_AE_CN_2007_CCR5	CTRPSNNTRTSVTIGPGQV-FYRTGEIIGDIRQAWC	R5
GU475021_GX74_20_01_AE_CN_2008_CCR5	CTRPSNNTRTSMTIGPGQV-LYRTGDITGDIRKAYC	R5
GU475022_GX34_21_01_AE_CN_2007_CCR5	CTRPSNNTRTGITIGPGQV-FYRTGEIIGDIRKAYC	R5
GU475023_GX35_33_01_AE_CN_2008_CCR5	CTRPSNNTRTSIHIGPGQV-FYRTGDIIGDIRSAYC	R5
GU475024_BJ5_11_01_AE_CN_2007_CCR5	CTRPSNNTRTSTRIGPGQV-FYRTGDIIGDIRKAYC	R5
GU475025_HuB199_1_01_AE_CN_2006_CCR5	CTRPSNNTRTSIAIGPGQL-FYRTGEIIGDIRKAYC	R5
GU475026_GX2010_36_01_AE_CN_2007_CCR5	CTRPSNKTRTSVRIGPGQV-FYKTGDIIGDIRKAYC	R5
GU475027_GX83_47_01_AE_CN_2008_CCR5	CTRPSNNTRTSLTIGPGQV-FYRTGDIIGDIRKAYC	R5
GU475028_BJ17A_6_01_AE_CN_2007_CCR5	CTRPSNNTRTSTRIGPGQV-FYRTGAIIGDIRKAYC	R5
GU475029_BJ6_17_01_AE_CN_2008_CCR5	CTRPSNNTRTSIRIGPGQM-FYRTGDIIGDIRKAFC	R5
GU475030_GX25_29_01_AE_CN_2007_CCR5	CTRPSNNTRKSITIGPGQVLFYRPGDIIGNIRQAYC	R5
GU475031_GX142_2_01_AE_CN_2007_CCR5	CTRPSNNTRTRMTMGPGKV-FYRTGEIVGDIRKAHC	R5
GU475032_SH6_81_01_AE_CN_2008_CCR5	CTRPGNNTRTSITIGPGKV-FY-TGEIIGDIRKAYC	R5
GU475033_SHX335_24_01_AE_CN_2008_CCR5	CTRPSNNTRTSINIGPGQV-FYRTGEIIGDIRKAYC	R5
GU475034_SHX346_60_01_AE_CN_2008_CCR5	CTRPSNNTRTSIPMGPGQV-FYRTGDIIGDIRKAYC	R5
GU475035_GX72_27_01_AE_CN_2008_CCR5	CTRPSNNTRTSMSIGPGQV-FYRTGDIIGDIRKAYC	R5
GU475036_GZ187_10_01_AE_CN_2007_CCR5	CTRPSNNTRTSVTIGPGQI-FYRTGEIIGDIRQAYC	R5
GU475037_GX13_7_01_AE_CN_2007_CCR5	CTRPSDNIRTGITIGPGQV-FYRTGEIIGDIRQAHC	R5
GU475039_GX8C_31_01_AE_CN_2008_CCR5	CTRPFNNTRTSINIGPGQV-FYRTGDIIGDIRKAYC	R5
GU475040_BJ3_4_01_AE_CN_2007_CCR5	CIRPSNNTRTSISIGPGRT-FYRTGDIIGDIRQAYC	R5
GU475042_GX11_13_01_AE_CN_2007_CCR5	CTRPSNNTRTSITIGPGQL-FYRTGDIIGDIRSAYC	R5
GU475043_GX155_55_01_AE_CN_2007_CCR5	CTRPSNNTRTSTTIGPGQT-FYRTGDIIGDIRKAFC	R5
GU475044_GX68_5_01_AE_CN_2008_CCR5	CTRPSNNVRTSTRIGPGQV-FYRTGSITGDIRKAYC	R5
GU475045_GX54_6_01_AE_CN_2007_CCR5	CTRPSNNTRTSIPIGPGQV-FYRTGDIIGDIKKAYC	R5
GU475046_YN192_31_01_AE_CN_2006_CCR5	CTRPSNNTRTSLTIGPGRV-FYRTGDITGDIRKAYC	R5
HM215410_CNE3_01_AE_CN_2006_CCR5	CARPSNNTRTSIALGPGQA-WYRTGDITGDIRKAYC	R5
HM215415_CNE5_01_AE_CN_2006_CCR5	CTRPYNNTRKSITIGPGQV-FYRQGEIIGDIRKAYC	R5
HM215418_CNE55_01_AE_CN_2007_CCR5	CTRPSNNTRTSVRIGPGQV-FYRTGDITGDIRKAYC	R5
HM215422_CNE59_01_AE_CN_2006_CCR5	CIRPSTNTRTSVRIGPGQV-FYRTGDIIGDIRKAYC	R5
HM215427_CNE8_01_AE_CN_2006_CCR5	CTRPSNNTRTSVRIGPGQV-FYRTGDIIGDIRKAYC	R5
HQ699955_CNE26_01_AE_CN_2007_CCR5	CTRPSNNTRKSVRIGPGQV-FYRTGDIIGDIRQAYC	R5
HQ875343_0377-C2_01_AE_TH_1999_CCR5	CTRPSNNTRTSIRIGPGQV-FYRTGDIIGNIRKAYC	R5
HQ875344_0377-C5_01_AE_TH_1999_CCR5	CTRPSNNTRTSIRIGPGQV-FYRTGDIIGNIRKAYC	R5
HQ875345_0858-C2_01_AE_TH_1999_CCR5	CTRPNNNVRTSMTIGPGQV-FYRTGEIIGNIRRAYC	R5
HQ875346_0978-C1_01_AE_TH_1999_CCR5	CTRPSNNTRTSMTIGPGQV-FYRTGDIIGDIRQAYC	R5
HQ875347_0978-C3_01_AE_TH_1999_CCR5	CTRPSNNTRTSMTIGPGQV-FYRTGDIIGDIRQAYC	R5
JN944654_356272_c02_01_AE_TH_2005_CCR5	CTRPSDNKRTSVHMGPGQV-LYRTGEITGDIRKAHC	R5
JN944655_AA116_427299_c12_01_AE_TH_2006_CCR5	CTRPSNNTVKSIRIGPGQT-FYRTGDIIGDIRQAYC	R5
JN944656_AA081_620345_c10_01_AE_TH_2005_CCR5	CTRPSNNTRTSTRIGPGQV-FYRTGEVITSIRKAYC	R5
JN944657_644039_c01b_01_AE_TH_2006_CCR5	CTRPSNNTRTSVNIGPGQV-IYKNGDIIGDIRKAYC	R5
JN944658_AA118_703357_c02_01_AE_TH_2005_CCR5	CTRPSNNTRTSINIGPGQMLFYKPGDIIGDIRKAYC	R5
JN944659_AA119_816763_c02_01_AE_TH_2006_CCR5	CTRPSNNTRTSISMGPGQV-FYRPGEITGDIRRAYC	R5
JN944660_C1080_c03_01_AE_TH_1999_CCR5	CTRPSNNTRTSVTIGPGQV-FYRTGDIIGDIRKAYC	R5
JN944661_C2101_c01_01_AE_TH_1999_CCR5	CTRPFNNTRTSVHIGPGQV-FYRTGDIIGDIRAVYC	R5
JN944662_CM235_2_01_AE_TH_1990_CCR5	CTRPSNNTRTSIRIGPGQA-FYRTGDIIGDIRKAYC	R5
JN944663_CM246_c1_01_AE_TH_1990_CCR5	CTRPSNNTRTSINIGPGQV-FYRTGDIIGDIRKAYC	R5
JN944664_M066_07_01_AE_TH_1996_CCR5	CTRPSNNTRTSVHIGPGQV-FYKTGDIIGDIRRAYC	R5
JN944665_R2184_c04_01_AE_TH_2001_CCR5	CTRPSNNTRTSMTIGPGQV-FYRTGDIVGNIRKAYC	R5
JQ003579_0377_I1_01_AE_TH_1999_CCR5	CTRPSNNTRTSIHIGPGQV-FYRTGDITGDIRKAYC	R5
JQ003580_1021_M1_01_AE_TH_1999_CCR5	CIRPSNNTRTSITIGPGQV-FYRTGEIIGNIRRAYC	R5
JQ715395_CM235_01_AE_TH_1991_CCR5	CTRPSNNTRTSIRIGPGQA-FYRTGDIIGDIRKAYC	R5
JQ715397_CM244_01_AE_TH_1990_CCR5	CTRPSNNTRTSITIGPGQV-FYRTGDIIGDIRKAYC	R5
JQ715412_NI1046_01_AE_TH_1996_CCR5	CTRPSNNTRTSITIGPGQV-FYRTGDITGDIRKAFC	R5
JX447346_AA058a04R_434239_01_AE_TH_2006_CCR5	CTRPSNNTRTSVSIGPGQV-FYKTGDIIGDIRKAYC	R5
JX447986_AA104a_RH5_731027_01_AE_TH_2006_CCR5	CTRPSNNTRTSISIGPGQV-FYKTGDIIGDIKKAYC	R5
JX448026_AA107a_wg8_816769_01_AE_TH_2005_CCR5	CTRPSNNTRTSVHIGPGQV-FYRTGDIIGDIRKAYC	R5
JX512900_AA081_c01_620345_01_AE_TH_2005_CCR5	CTRPSNNTRTSVRIGPGQV-FYRTGEVITSIRKAYC	R5
JX535767_CRF01-AE-101_01_AE_FR_2010_CCR5	CTRPFNNTRTSITMGPGQV-FYRTGDIIGDIRKAYC	R5
JX535772_CRF01-AE-106_01_AE_FR_2010_CCR5	CTRPSNNTRKSVRIGPGQV-FYRTGEIIGDIRQAYC	R5
JX535774_CRF01-AE-108_01_AE_FR_2010_CCR5	CTRPSNNTRTSMTIGPGQV-FYRTGDITGDIRKAYC	R5
JX535775_CRF01-AE-110_01_AE_FR_2010_CCR5	CTRPFNNTRKSIRIGPGQV-FYRTGDIVGNIRQAYC	R5
JX535776_CRF01-AE-111_01_AE_FR_2010_CCR5	CIRPSNNTRTSITIGPGQV-FYQTGDIIGDIRKAYC	R5
JX535778_CRF01-AE-113_01_AE_FR_2010_CCR5	CTRPSNNTRTSVRIGPGQV-FYKMGDIIGDIRRAFC	R5
JX535779_CRF01-AE-114_01_AE_FR_2010_CCR5	CTRPSNNTRTGTHIGPGQT-FYRTGDIIGDIRKAFC	R5
JX535781_CRF01-AE-116_01_AE_FR_2010_CCR5	CTRPSNNTRTSITIGPGQV-FYRTGDIIGDIRRAYC	R5
JX535782_CRF01-AE-117_01_AE_FR_2010_CCR5	CTRPSNNTRTSITIGPGQV-FYRTGDIIGDIRKAYC	R5
JX535783_CRF01-AE-453_01_AE_FR_2010_CCR5	CTRPSNNTRTSINMGPGKV-LFRTGDIIGDIRKAYC	R5
JX535790_CRF01-AE-557_01_AE_FR_2010_CCR5	CTRPSDNKRTSVHMGPGQV-LYRTEEIIGDIRKAYC	R5
JX535798_CRF01-AE-603_01_AE_FR_2010_CCR5	CTRPSNNTRTSIPIGPGQV-FYRTGDIIGDIRKAYC	R5
JX535799_CRF01-AE-651_01_AE_FR_2010_CCR5	CTRPNNNTRTGVHIGPGQV-FYRTGEIVGDIRQAFC	R5
JX535800_CRF01-AE-664_01_AE_FR_2010_CCR5	CTRPSNNTRTSMTIGPGQV-IYRTGDIIGDIRKAYC	R5
JX535807_CRF01-AE-803_01_AE_FR_2010_CCR5	CTRPSNNTRKGTHIGPGQV-FYRTGDIIGDIRKAYC	R5
KC596061_DE00109CN003_01_AE_CN_2009_CCR5	CTRPSNNTRTSIPIGPGRA-FYRTGDIIGDIRQAYC	R5
KC596062_DE00109CN004_01_AE_CN_2009_CCR5	CTRPSNNTRTSIPIGPGRA-FYRTGDIIGDIRQAYC	R5
KC596063_DE00110CN001_01_AE_CN_2010_CCR5	CTRPSNNTRTSTRIGPGQV-FYRTGDIIGDIRKAYC	R5
KC596064_DE00111CN002_01_AE_CN_2011_CCR5	CTRPSNNTRTSINMGPGRT-FYRTGDIIGDIRQAYC	R5
KC596065_DE00111CN003_01_AE_CN_2011_CCR5	CTRPSNNTRTSTRIGPGQV-FYRTGDIIGDIRKAYC	R5
KC822429_CM244_01_AE_TH_1990_CCR5	CTRPSNNTRTSITIGPGQV-FYRTGDIIGDIRKAYC	R5
KF268035_RTA2-env_01_AE_TH_2009_CCR5	CTRPSNNTRTSITIGPGQV-WYRTGDITGDIRKAYC	R5
KF268037_RTA4-env_01_AE_TH_2009_CCR5	CVRPSNNTRTSVHIGPGQV-LYRTEDIIGDIRKAYC	R5
KF268038_RTA5-env_01_AE_TH_2009_CCR5	CVRPSNNTRTSVHIGPGQV-LYRTGDIIGDIRKAYC	R5
KF268039_RTA6-env_01_AE_TH_2009_CCR5	CTRPSNNTRTSITIGPGQV-WYRTGDITGDIRKAYC	R5
KF268040_RTA8-env_01_AE_TH_2009_CCR5	CTRPYNNTRTSIHIGPGQA-FYKTGDIIGDIRKAHC	R5
KF268041_RTA9-env_01_AE_TH_2009_CCR5	CTRPSNNTRTSITIGPGQV-WYRTGDIIGDIRKAYC	R5
KF268042_RTA11-env_01_AE_TH_2009_CCR5	CTRPYNNTRTSIHIGPGQA-FYKTGDIIGDIRKAHC	R5
KF268043_RTA13-env_01_AE_TH_2009_CCR5	CTRPSNNTRTSITIGPGQL-FYRTGDIIGDIRKAYC	R5
KF268044_RTA16-env_01_AE_TH_2009_CCR5	CTRPSNNTRTSIHIGPGQV-FYGRGDIIGDIRQAHC	R5
KF268045_RTA21-env_01_AE_TH_2009_CCR5	CTRPSNNTRTSITIGPGQV-WYRTGDITGDIRKAYC	R5
KF268046_RTA23-env_01_AE_TH_2009_CCR5	CTRPSNNTRTSITIGPGQV-WYRTGDIIGDIRKAYC	R5
KF268047_RTA24-env_01_AE_TH_2009_CCR5	CTRPSNNTRTSITIGPGQV-WYRTGDITGDIRKAYC	R5
KF268048_RTA27-env_01_AE_TH_2009_CCR5	CTRPYNNTRTSIHIGPGQA-FYKTGDIIGDIRKAHC	R5
KF859741_DE00111JP003_01_AE_JP_2011_CCR5	CTRPGNNTRISMTRGPGQV-LYRTGDIIGDIRKAYC	R5
KM217641_BJOX005000_e01_01_AE_CN_2007_CCR5	CIRPSNNTRKSIRIGPGQM-FYRTGEIIGDIRKAYC	R5
KM217642_BJOX005000_e02_01_AE_CN_2007_CCR5	CIRPSNNTRKSIRIGPGQM-FYRTGEIIGDIRKAYC	R5
KM217643_BJOX005000_e04_01_AE_CN_2007_CCR5	CIRPSNNTRKSIRIGPGQM-FYRTGEIIGDIRKAYC	R5
KM217644_BJOX005000_e06_01_AE_CN_2007_CCR5	CIRPSNNTRKSIRIGPGQM-FYRTGEIIGDIRKAYC	R5
KM217645_BJOX005000_e07_01_AE_CN_2007_CCR5	CIRPSNNTRKSIRIGPGQM-FYRTGEIIGDIRKAYC	R5
KM217646_BJOX005000_e09_01_AE_CN_2007_CCR5	CIRPSNNTRKSIRIGPGQM-FYRTGEIIGDIRKAYC	R5
KM217647_BJOX005000_e11_01_AE_CN_2007_CCR5	CIRPSNNTRKSIRIGPGQM-FYRTGEIIGDIRKAYC	R5
KM217648_BJOX005000_e13_01_AE_CN_2007_CCR5	CIRPSNNTRKSIRIGPGQM-FYRTGEIIGDIRKAYC	R5
KM217649_BJOX005000_e14_01_AE_CN_2007_CCR5	CIRPSNNTRKSIRIGPGQM-FYRTGEIIGDIRKAYC	R5
KM217650_BJOX005000_e15_01_AE_CN_2007_CCR5	CIRPSNNTRKSIRIGPGQM-FYRTGEIIGDIRKAYC	R5
KM217651_BJOX005000_e16_01_AE_CN_2007_CCR5	CIRPSNNTRKSIRIGPGQM-FYRTGEIIGDIRKAYC	R5
KM217652_BJOX005000_e18_01_AE_CN_2007_CCR5	CIRPSNNTRKSIRIGPGQM-FYRTGEIIGDIRKAYC	R5
KM217653_BJOX005000_e19_01_AE_CN_2007_CCR5	CIRPSNNTRKSIRIGPGQM-FYRTGEIIGDIRKAYC	R5
KM217654_BJOX005000_e21_01_AE_CN_2007_CCR5	CIRPSNNTRKSIRIGPGQM-FYRTGEIIGDIRKAYC	R5
KM217655_BJOX005000_e22_01_AE_CN_2007_CCR5	CIRPSNNTRKSIRIGPGQM-FYRTGEIIGDIRKAYC	R5
KM217656_BJOX005000_e23_01_AE_CN_2007_CCR5	CIRPSNNTRKSIRIGPGQM-FYRTGEIIGDIRKAYC	R5
KM217657_BJOX005000_e24_01_AE_CN_2007_CCR5	CIRPSNNTRKSIRIGPGQM-FYRTGEIIGDIRKAYC	R5
KM217658_BJOX005000_e25_01_AE_CN_2007_CCR5	CIRPSNNTRKSIRIGPGQM-FYRTGEIIGDIRKAYC	R5
KM217659_BJOX005000_e26_01_AE_CN_2007_CCR5	CIRPSNNTRKSIRIGPGQM-FYRTGEIIGDIRKAYC	R5
KM217660_BJOX005000_e27_01_AE_CN_2007_CCR5	CIRPSNNTRKSIRIGPGQM-FYRTGEIIGDIRKAYC	R5
KM217661_BJOX005000_e28_01_AE_CN_2007_CCR5	CIRPSNNTRKSIRIGPGQM-FYRTGEIIGDIRKAYC	R5
KM217711_BJOX010000_e02_01_AE_CN_2007_CCR5	CIRPSNNTRTSTRIGPGQV-FYRTGEIIGDIRKAYC	R5
KM217712_BJOX010000_e03_01_AE_CN_2007_CCR5	CIRPSNNTRTSTRIGPGQV-FYRTGEIIGDIRKAYC	R5
KM217713_BJOX010000_e04_01_AE_CN_2007_CCR5	CIRPSNNTRTSTRIGPGQV-FYRTGEIIGDIRKAYC	R5
KM217714_BJOX010000_e05_01_AE_CN_2007_CCR5	CIRPSNNTRTSTRIGPGQV-FYRTGEIIGDIRKAYC	R5
KM217715_BJOX010000_e06_01_AE_CN_2007_CCR5	CIRPSNNTRTSTRIGPGQV-FYRTGEIIGDIRKAYC	R5
KM217716_BJOX010000_e07_01_AE_CN_2007_CCR5	CIRPSNNTRTSTRIGPGQV-FYRTGEIIGDIRKAYC	R5
KM217717_BJOX010000_e08_01_AE_CN_2007_CCR5	CIRPSNNTRTSTRIGPGQV-FYRTGEIIGDIRKAYC	R5
KM217718_BJOX010000_e09_01_AE_CN_2007_CCR5	CIRPSNNTRTSTRIGPGQV-FYRTGEIIGDIRKAYC	R5
KM217719_BJOX010000_e10_01_AE_CN_2007_CCR5	CIRPSNNTRTSTRIGPGQV-FYRTGEIIGDIRKAYC	R5
KM217720_BJOX010000_e12_01_AE_CN_2007_CCR5	CIRPSNNTRTSTRIGPGQV-FYRTGEIIGDIRKAYC	R5
KM217721_BJOX010000_e13_01_AE_CN_2007_CCR5	CIRPSNNTRTSTRIGLGQV-FYRTGEIIGDIRKAYC	R5
KM217722_BJOX010000_e14_01_AE_CN_2007_CCR5	CIRPSNNTRTSTRIGPGQV-FYRTGEIIGDIRKAYC	R5
KM217724_BJOX010000_e16_01_AE_CN_2007_CCR5	CIRPSNNTRTSTRIGPGQV-FYRTGEIIGDIRKAYC	R5
KM217728_BJOX010000_e22_01_AE_CN_2007_CCR5	CIRPSNNTRTSTRIGPGQV-FYRTGEIIGDIRKAYC	R5
KM217730_BJOX010000_e24_01_AE_CN_2007_CCR5	CIRPSNNTRTSTRIGPGQV-FYRTGEIIGDIRKAYC	R5
KM217732_BJOX010000_e26_01_AE_CN_2007_CCR5	CIRPSNNTRTSTRIGPGQV-FYRTGEIIGDIRKAYC	R5
KM217733_BJOX010000_e29_01_AE_CN_2007_CCR5	CIRPSNNTRTSTRIGPGQV-FYRTGEIIGDIRKAYC	R5
KM217734_BJOX010000_e30_01_AE_CN_2007_CCR5	CIRPSNNTRTSTRIGPGQV-FYRTGEIIGDIRKAYC	R5
KM217735_BJOX010000_e31_01_AE_CN_2007_CCR5	CIRPSNNTRTSTRIGPGQV-FYRTGEIIGDIRKAYC	R5
KM217736_BJOX010000_e33_01_AE_CN_2007_CCR5	CIRPSNNTRTSTRIGPGQV-FYRTGEIIGDIRKAYC	R5
KM217737_BJOX010000_e34_01_AE_CN_2007_CCR5	CIRPSNNTRTSTRIGPGQV-FYRTGEIIGDIRKAYC	R5
KM217760_BJOX012000_e01_01_AE_CN_2007_CCR5	CTRPSNNTRKSINIGPGQA-FYQTGDIIGDIRQAYC	R5
KM217761_BJOX012000_e02_01_AE_CN_2007_CCR5	CTRPSNNTRKSINIGPGQA-FYQTGDIIGDIRQAYC	R5
KM217762_BJOX012000_e03_01_AE_CN_2007_CCR5	CTRPSNNTRKSINIGPGQA-FYQTGDIIGDIRQAYC	R5
KM217763_BJOX012000_e04_01_AE_CN_2007_CCR5	CTRPSNNTRKSINIGPGQA-FYQTGDIIGDIRQAYC	R5
KM217764_BJOX012000_e06_01_AE_CN_2007_CCR5	CTRPSNNTRKSINIGPGQA-FYQTGDIIGDIRQAYC	R5
KM217765_BJOX012000_e07_01_AE_CN_2007_CCR5	CTRPSNNTRKSINIGPGQA-FYQTGDIIGNIRQAYC	R5
KM217766_BJOX012000_e08_01_AE_CN_2007_CCR5	CTRPSNNTRKSINIGPGQA-FYQTGDIIGDIRQAYC	R5
KM217767_BJOX012000_e11_01_AE_CN_2007_CCR5	CTRPSNNTRKSINIGPGQA-FYQTGDIIGDIRQAYC	R5
KM217768_BJOX012000_e12_01_AE_CN_2007_CCR5	CTRPSNNTRKSINIGPGQA-FYQTGDIIGDIRQAYC	R5
KM217769_BJOX012000_e13_01_AE_CN_2007_CCR5	CTRPSNNTRKSINIGPGQA-FYQTGDIIGDIRQAYC	R5
KM217770_BJOX012000_e14_01_AE_CN_2007_CCR5	CTRPSNNTRKSINIGPGQA-FYQTGDIIGDIRQAYC	R5
KM217771_BJOX012000_e15_01_AE_CN_2007_CCR5	CTRPSNNTRKSINIGPGQA-FYQTGDIIGDIRQAYC	R5
KM217772_BJOX012000_e16_01_AE_CN_2007_CCR5	CTRPSNNTRKSINIGPGQA-FYQTGDIIGDIRQAYC	R5
KM217773_BJOX012000_e17_01_AE_CN_2007_CCR5	CTRPSNNTRKSINIGPGQA-FYQTGDIIGDIRQAYC	R5
KM217774_BJOX012000_e18_01_AE_CN_2007_CCR5	CTRPSNNTRKSINIGPGQA-FYQTGDIIGDIRQAYC	R5
KM217775_BJOX012000_e19_01_AE_CN_2007_CCR5	CTRPSNNTRKSINIGPGQA-FYQTGDIIGDIRQAYC	R5
KM217776_BJOX012000_e20_01_AE_CN_2007_CCR5	CTRPSNNTRKSINIGPGQA-FYQTGDIIGDIRQAYC	R5
KM217777_BJOX012000_e22_01_AE_CN_2007_CCR5	CTRPSNNTRKSINIGPGQA-FYQTGDIIGDIRQAYC	R5
KM217778_BJOX012000_e23_01_AE_CN_2007_CCR5	CTRPSNNTRKSINIGPGQA-FYQTGDIIGDIRQAYC	R5
KM217779_BJOX012000_e25_01_AE_CN_2007_CCR5	CTRPSNNTRKSINIGPGQA-FYQTGDIIGDIRQAYC	R5
KM217804_BJOX015000_e01_01_AE_CN_2007_CCR5	CTRPSNNTRTSVRIGPGQM-FYRTGDIIGDIRKAYC	R5
KM217805_BJOX015000_e02_01_AE_CN_2007_CCR5	CTRPSNNTRTSVRIGPGQM-FYRTGDIIGDIRKAYC	R5
KM217806_BJOX015000_e03_01_AE_CN_2007_CCR5	CTRPSNNTRTSVRIGPGQM-FYRTGDIIGDIRKAYC	R5
KM217807_BJOX015000_e05_01_AE_CN_2007_CCR5	CTRPSNNTRTSVRIGPGQM-FYRTGDIIGDIRKTYC	R5
KM217808_BJOX015000_e06_01_AE_CN_2007_CCR5	CTRPSNNTRTSVRIGPGQM-FYRTGDIIGDIRKAYC	R5
KM217809_BJOX015000_e07_01_AE_CN_2007_CCR5	CTRPSNNTRTSVRIGPGQM-FYRTGDIIGDIRKAYC	R5
KM217810_BJOX015000_e08_01_AE_CN_2007_CCR5	CTRPSNNTRTSVRIGPGQM-FYRTGDIIGDIRKAYC	R5
KM217811_BJOX015000_e09_01_AE_CN_2007_CCR5	CTRPSNNTRTSVRIGPGQM-FYRTGDIIGDIRKAYC	R5
KM217812_BJOX015000_e10_01_AE_CN_2007_CCR5	CTRPSNNTRTSVRIGPGQM-FYRTGDIIGDIRKAYC	R5
KM217813_BJOX015000_e11_01_AE_CN_2007_CCR5	CTRPSNNTRTSVRIGPGQM-FYRTGDIIGDIRKAYC	R5
KM217814_BJOX015000_e12_01_AE_CN_2007_CCR5	CTRPSNNTRTSVRIGPGQM-FYRTGDIIGDIRKAYC	R5
KM217815_BJOX015000_e13_01_AE_CN_2007_CCR5	CTRPSNNTRTSVRIGPGQM-FYRTGDIIGDIRKAYC	R5
KM217816_BJOX015000_e14_01_AE_CN_2007_CCR5	CTRPSNNTRTSVRIGPGQM-FYRTGDIIGDIRKAYC	R5
KM217817_BJOX015000_e15_01_AE_CN_2007_CCR5	CTRPSNNTRTSVRIGPGQM-FYRTGDIIGDIRKAYC	R5
KM217818_BJOX015000_e16_01_AE_CN_2007_CCR5	CTRPSNNTRTSVRIGPGQM-FYRTGDIIGDIRKAYC	R5
KM217819_BJOX015000_e17_01_AE_CN_2007_CCR5	CTRPSNNTRTSVRIGPGQM-FYRTGDIIGDIRKAYC	R5
KM217820_BJOX015000_e18_01_AE_CN_2007_CCR5	CTRPSNNTRTSVRIGPGQM-FYRTGDIIGDIRKAYC	R5
KM217821_BJOX015000_e21_01_AE_CN_2007_CCR5	CTRPSNNTRTSVRIGPGQM-FYRTGDIIGDIRKAYC	R5
KM217822_BJOX015000_e23_01_AE_CN_2007_CCR5	CTRPSNNTRTSVRIGPGQM-FYRTGDIIGDIRKAYC	R5
KM217823_BJOX015000_e24_01_AE_CN_2007_CCR5	CTRPSNNTRTSVRIGPGQM-FYRTGDIIGDIRKAYC	R5
KM217824_BJOX015000_e25_01_AE_CN_2007_CCR5	CTRPSNNTRTSVRIGPGQM-FYRTGDIIGDIRKAYC	R5
KM217825_BJOX015000_e26_01_AE_CN_2007_CCR5	CTRPSNNTRTSVRIGPGQM-FYRTGDIIGDIRKAYC	R5
KM217826_BJOX015000_e27_01_AE_CN_2007_CCR5	CTRPSNNTRTSVRIGPGQM-FYRTGDIIGDIRKAYC	R5
KM217827_BJOX015000_e28_01_AE_CN_2007_CCR5	CTRPSNNTRTSVRIGPGQM-FYRTGDIIGDIRKAYC	R5
KM217828_BJOX015000_e29_01_AE_CN_2007_CCR5	CTRPSNNTRTSVRIGPGQM-FYRTGDIIGDIRKAYC	R5
KM217829_BJOX015000_e30_01_AE_CN_2007_CCR5	CTRPSNNTRTSVRIGPGQM-FYRTGDIIGDIRKAYC	R5
KM217830_BJOX015000_e31_01_AE_CN_2007_CCR5	CTRPSNNTRTSVRIGPGQM-FYRTGDIIGDIRKAYC	R5
KM217831_BJOX015000_e32_01_AE_CN_2007_CCR5	CTRPSNNTRTSVRIGPGQM-FYRTGDIIGDIRKAYC	R5
KM217832_BJOX015000_e33_01_AE_CN_2007_CCR5	CTRPSNNTRTSVRIGPGQM-FYRTGDIIGDIRKAYC	R5
KM217884_BJOX017000_e04_01_AE_CN_2007_CCR5	CARPSNNTRTSISIGPGRA-FYRTGDITGDIRQAYC	R5
KM217885_BJOX017000_e05_01_AE_CN_2007_CCR5	CARPSNNTRTSISIGPGRA-FYRTGDITGDIRQAHC	R5
KM217886_BJOX017000_e06_01_AE_CN_2007_CCR5	CARPSNNTRTSISIGPGRA-FYRTGDITGDIRQAYC	R5
KM217887_BJOX017000_e07_01_AE_CN_2007_CCR5	CARPSNNTRTSISIGPGRA-FYRTGDITGDIRQAYC	R5
KM217888_BJOX017000_e09_01_AE_CN_2007_CCR5	CARPSNNTRTSISIGPGRA-FYRTGDITGDIRQAYC	R5
KM217889_BJOX017000_e10_01_AE_CN_2007_CCR5	CTRPSNNTRTSISIGPGRA-FYRTGDITGDIRQAYC	R5
KM217890_BJOX017000_e11_01_AE_CN_2007_CCR5	CARPSNNTRTSISIGPGRA-FYRTGDITGDIRQAYC	R5
KM217891_BJOX017000_e12_01_AE_CN_2007_CCR5	CARPSNNTRTSISIGPGRA-FYRTGDITGDIRQAYC	R5
KM217892_BJOX017000_e13_01_AE_CN_2007_CCR5	CARPSNNTRTSISIGPGRA-FYRTGDITGDIRQAYC	R5
KM217893_BJOX017000_e14_01_AE_CN_2007_CCR5	CARPSNNTRTSISIGPGRA-FYRTGDITGDIRQAYC	R5
KM217894_BJOX017000_e15_01_AE_CN_2007_CCR5	CARPSNNTRTSISIGPGRA-FYRTGDITGDIRQAYC	R5
KM217895_BJOX017000_e17_01_AE_CN_2007_CCR5	CARPSNNTRTSISIGPGRA-FYRTGDITGDIRQAYC	R5
KM217896_BJOX017000_e18_01_AE_CN_2007_CCR5	CARPSNNTRTSISIGPGRA-FYRTGDITGDIRQAYC	R5
KM217897_BJOX017000_e19_01_AE_CN_2007_CCR5	CARPSNNTRTSISIGPGRA-FYRTGDITGDIRQAYC	R5
KM217898_BJOX017000_e20_01_AE_CN_2007_CCR5	CARPSNNTRTSISIGPGRA-FYRTGDITGDIRQAYC	R5
KM217899_BJOX017000_e21_01_AE_CN_2007_CCR5	CARPSNNTRTSISIGPGRA-FYRTGDITGDIRQAYC	R5
KM217900_BJOX017000_e22_01_AE_CN_2007_CCR5	CARPSNNTRTSISIGPGRA-FYRTGDITGDIRQAYC	R5
KM217901_BJOX017000_e23_01_AE_CN_2007_CCR5	CARPSNNTRTSISIGPGRA-FYRTGDITGDIRQAYC	R5
KM217902_BJOX017000_e24_01_AE_CN_2007_CCR5	CARPSNNTRTSISIGPGRA-FYRTGDITGDIRQAYC	R5
KM217903_BJOX017000_e25_01_AE_CN_2007_CCR5	CARPSNNTRTSISIGPGRA-FYRTGDITGDIRQAYC	R5
KM217904_BJOX017000_e26_01_AE_CN_2007_CCR5	CARPSNNTRTSISIGPGRA-FYRTGDITGDIRQAHC	R5
KM217905_BJOX017000_e27_01_AE_CN_2007_CCR5	CARPSNNTRTSISIGPGRA-FYRTGDITGDIRQAYC	R5
KM217906_BJOX017000_e30_01_AE_CN_2007_CCR5	CARPSNNTRTSISIGPGRA-FYRTGDITGDIRQAYC	R5
KM217907_BJOX017000_e31_01_AE_CN_2007_CCR5	CARPSNNTRTSISIGPGRA-FYRTGDITGDIRQAYC	R5
KM217908_BJOX017000_e32_01_AE_CN_2007_CCR5	CARPSNNTRTSISIGLGRA-FYRTGDITGDIRQAYC	R5
KM217909_BJOX017000_e33_01_AE_CN_2007_CCR5	CTRPSNNTRTSISIGPGRA-FYRTGDITGDIRQAYC	R5
KM217910_BJOX017000_e34_01_AE_CN_2007_CCR5	CARPSNNTRTSISIGPGRA-FYRTGDITGDIRQAYC	R5
KM217911_BJOX018000_e02_01_AE_CN_2007_CCR5	CTRPSNNTRTSIRIGPGQM-FYRTGDIIGDIRKAYC	R5
KM217912_BJOX018000_e03_01_AE_CN_2007_CCR5	CTRPSNNTRTSIRIGPGQM-FYRTGDIIGDIRKAYC	R5
KM217913_BJOX018000_e04_01_AE_CN_2007_CCR5	CTRPSNNTRTSIRIGPGQM-FYRTGDIIGDIRKAYC	R5
KM217914_BJOX018000_e05_01_AE_CN_2007_CCR5	CTRPSNNTRTSIRIGPGQM-FYRTGDIIGDIRKAYC	R5
KM217915_BJOX018000_e07_01_AE_CN_2007_CCR5	CTRPSNNTRTSIRIGPGQM-FYRTGDIIGDIRKAYC	R5
KM217916_BJOX018000_e09_01_AE_CN_2007_CCR5	CTRPSNNTRTSIRIGPGQM-FYRTGDIIGDIRKAYC	R5
KM217917_BJOX018000_e10_01_AE_CN_2007_CCR5	CTRPSNNTRTSIRIGPGQM-FYRTGDIIGDIRKAYC	R5
KM217918_BJOX018000_e12_01_AE_CN_2007_CCR5	CTRPSNNTRTSIRIGPGQM-FYRTGDIIGDIRKAYC	R5
KM217919_BJOX018000_e13_01_AE_CN_2007_CCR5	CTRPSNNTRTSIRIGPGQM-FYRTGDIIGDIRKAYC	R5
KM217968_BJOX021000_e01_01_AE_CN_2007_CCR5	CTRPSNNTRTSIPIGPGRA-FYKIGDIIGDIRQAHC	R5
KM217969_BJOX021000_e02_01_AE_CN_2007_CCR5	CTRPSNNTRTSIPIGPGRA-FYKIGDIIGDIRQAHC	R5
KM217970_BJOX021000_e03_01_AE_CN_2007_CCR5	CTRPSNNTRTSIPIGPGRA-FYKIGDIIGDIRQAHC	R5
KM217971_BJOX021000_e04_01_AE_CN_2007_CCR5	CTRPSNNTRTSIPIGPGRA-FYKIGDIIGDIRQAHC	R5
KM217972_BJOX021000_e07_01_AE_CN_2007_CCR5	CTRPSNNTRTSIPIGPGRA-FYKIGDIIGDIRQAHC	R5
KM217973_BJOX021000_e08_01_AE_CN_2007_CCR5	CTRPSNNTRTSIPIGPGRA-FYKIGDIIGDIRQAHC	R5
KM217974_BJOX021000_e09_01_AE_CN_2007_CCR5	CTRPSNNTRTSIPIGPGRA-FYKIGDIIGDIRQAHC	R5
KM217975_BJOX021000_e10_01_AE_CN_2007_CCR5	CTRPSNNTRTSIPIGPGRA-FYKIGDIIGDIRQAHC	R5
KM217976_BJOX021000_e11_01_AE_CN_2007_CCR5	CTRPSNNTRTSIPIGPGRA-FYKIGDIIGDIRQAHC	R5
KM217977_BJOX021000_e12_01_AE_CN_2007_CCR5	CTRPSNNTRTSIPIGPGRA-FYKIGDIIGDIRQAHC	R5
KM217978_BJOX021000_e13_01_AE_CN_2007_CCR5	CTRPSNNTRTSIPIGPGRA-FYKIGDIIGDIRQAHC	R5
KM217979_BJOX021000_e14_01_AE_CN_2007_CCR5	CTRPSNNTRTSIPIGPGRA-FYKIGDIIGDIRQAHC	R5
KM217980_BJOX021000_e17_01_AE_CN_2007_CCR5	CTRPSNNTRTSIPIGPGRA-FYKIGDIIGDIRQAHC	R5
KM217981_BJOX021000_e18_01_AE_CN_2007_CCR5	CTRPSNNTRTSIPIGPGRA-FYKIGDIIGDIRQAHC	R5
KM217982_BJOX021000_e19_01_AE_CN_2007_CCR5	CTRPSNNTRTSIPIGPGRA-FYKIGDIIGDIRQAHC	R5
KM217983_BJOX021000_e20_01_AE_CN_2007_CCR5	CTRPSNNTRTSIPIGPGRA-FYKIGDIIGDIRQAHC	R5
KM217985_BJOX021000_e22_01_AE_CN_2007_CCR5	CTRPSNNTRTSIPIGPGRA-FYKIGDIIGDIRQAHC	R5
KM217986_BJOX021000_e23_01_AE_CN_2007_CCR5	CTRPSNNTRTSIPIGPGRA-FYKIGDIIGDIRQAHC	R5
KM217987_BJOX021000_e25_01_AE_CN_2007_CCR5	CTRPSNNTRTSIPIGPGRA-FYKIGDIIGDIRQAHC	R5
KM217988_BJOX021000_e26_01_AE_CN_2007_CCR5	CTRPSNNTRTSIPIGPGRA-FYKIGDIIGDIRQAHC	R5
KM217989_BJOX021000_e27_01_AE_CN_2007_CCR5	CTRPSNNTRTSIPIGPGRA-FYKIGDIIGDIRQAHC	R5
KM217990_BJOX021000_e28_01_AE_CN_2007_CCR5	CTRPSNNTRTSIPIGPGRA-FYKIGDIIGDIRQAHC	R5
KM217991_BJOX021000_e29_01_AE_CN_2007_CCR5	CTRPSNNTRTSIPIGPGRA-FYKIGDIIGDIRQAHC	R5
KM217992_BJOX021000_e30_01_AE_CN_2007_CCR5	CTRPSNNTRTSIPIGPGRA-FYKIGDIIGDIRQAHC	R5
KM217993_BJOX021000_e31_01_AE_CN_2007_CCR5	CTRPSNNTRTSIPIGPGRA-FYKIGDIIGDIRQAHC	R5
KM218017_BJOX023000_e01_01_AE_CN_2007_CCR5	CIRPSNNTRTSIRIGPGQM-FYRTGEITGDIRKAYC	R5
KM218018_BJOX023000_e02_01_AE_CN_2007_CCR5	CIRPSNNTRTSIRIGPGQM-FYRTGEITGDIRKAYC	R5
KM218019_BJOX023000_e03_01_AE_CN_2007_CCR5	CIRPSNNTRTSIRIGPGQM-FYRTGEITGDIRKAYC	R5
KM218020_BJOX023000_e04_01_AE_CN_2007_CCR5	CIRPSNNTRTSIRIGPGQM-FYRTGEITGDIRKAYC	R5
KM218021_BJOX023000_e05_01_AE_CN_2007_CCR5	CIRPSNNTRTSIRIGPGQM-FYRTGEITGDIRKAYC	R5
KM218022_BJOX023000_e06_01_AE_CN_2007_CCR5	CIRPSNNTRTSIRIGPGQM-FYRTGEITGDIRKAYC	R5
KM218023_BJOX023000_e07_01_AE_CN_2007_CCR5	CIRPSNNTRTSIRIGPGQM-FYRTGEITGDIRKAYC	R5
KM218024_BJOX023000_e08_01_AE_CN_2007_CCR5	CIRPSNNTRTSIRIGPGQM-FYRTGEITGDIRKAYC	R5
KM218025_BJOX023000_e10_01_AE_CN_2007_CCR5	CIRPSNNTRTSIRIGPGQM-FYRTGEITGDIRKAYC	R5
KM218026_BJOX023000_e12_01_AE_CN_2007_CCR5	CIRPSNNTRTSIRIGPGQM-FYRTGEITGDIRKAYC	R5
KM218027_BJOX023000_e13_01_AE_CN_2007_CCR5	CIRPSNNTRTSIRIGPGQM-FYRTGEITGDIRKAYC	R5
KM218028_BJOX023000_e15_01_AE_CN_2007_CCR5	CIRPSNNTRTSIRIGPGQM-FYRTGEITGDIRKAYC	R5
KM218029_BJOX023000_e16_01_AE_CN_2007_CCR5	CIRPSNNTRTSIRIGPGQM-FYRTGEITGDIRKAYC	R5
KM218030_BJOX023000_e18_01_AE_CN_2007_CCR5	CIRPSNNTRTSIRIGPGQM-FYRTGEITGDIRKAYC	R5
KM218031_BJOX023000_e19_01_AE_CN_2007_CCR5	CIRPSNNTRTSIRIGPGQM-FYRTGEITGDIRKAYC	R5
KM218032_BJOX023000_e24_01_AE_CN_2007_CCR5	CIRPSNNTRTSIRIGPGQM-FYRTGEITGDIRKAYC	R5
KM218033_BJOX023000_e25_01_AE_CN_2007_CCR5	CIRPSNNTRTSIRIGPGQM-FYRTGEITGDIRKAYC	R5
KM218034_BJOX023000_e26_01_AE_CN_2007_CCR5	CIRPSNNTRTSIRIGPGQM-FYRTGEITGDIRKAYC	R5
KM218035_BJOX023000_e27_01_AE_CN_2007_CCR5	CIRPSNNTRTSIRIGPGQM-FYRTGEITGDIRKAYC	R5
KM218036_BJOX023000_e29_01_AE_CN_2007_CCR5	CIRPSNNTRTSIRIGPGQM-FYRTGEITGDIRKAYC	R5
KM218037_BJOX023000_e30_01_AE_CN_2007_CCR5	CIRPSNNTRTSIRIGPGQM-FYRTGEITGDIRKAYC	R5
KM218038_BJOX023000_e31_01_AE_CN_2007_CCR5	CIRPSNNTRTSIRIGPGQM-FYRTGEITGDIRKAYC	R5
KM218042_BJOX025000_e01_01_AE_CN_2007_CCR5	CTRPSNNTRTGINIGPGRA-FYRTGDITGDIRQAYC	R5
KM218043_BJOX025000_e02_01_AE_CN_2007_CCR5	CTRPSNNTRTGINIGPGRA-FYRTGDITGDIRQAYC	R5
KM218044_BJOX025000_e03_01_AE_CN_2007_CCR5	CTRPSNNTRTGINIGPGRA-FYRTGDITGDIRQAYC	R5
KM218045_BJOX025000_e04_01_AE_CN_2007_CCR5	CTRPSNNTRTGINIGPGRA-FYRTGDITGDIRQAYC	R5
KM218046_BJOX025000_e05_01_AE_CN_2007_CCR5	CTRPSNNTRTGINIGPGRA-FYRTGDITGDIRQAYC	R5
KM218047_BJOX025000_e06_01_AE_CN_2007_CCR5	CTRPSNNTRTGINIGPGRA-FYRTGDITGDIRQAYC	R5
KM218048_BJOX025000_e08_01_AE_CN_2007_CCR5	CTRPSNNTRTGINIGPGRA-FYRTGDITGDIRQAYC	R5
KM218049_BJOX025000_e09_01_AE_CN_2007_CCR5	CTRPSNNTRTGINIGPGRA-FYRTGDITGDIRQAYC	R5
KM218050_BJOX025000_e10_01_AE_CN_2007_CCR5	CTRPSNNTRTGINIGPGRA-FYRTGDITGDIRQAYC	R5
KM218051_BJOX025000_e11_01_AE_CN_2007_CCR5	CTRPSNNTRTGINIGPGRA-FYRTGDITGDIRQAYC	R5
KM218052_BJOX025000_e13_01_AE_CN_2007_CCR5	CTRPSNNTRTGINIGPGRA-FYRTGDITGDIRQAYC	R5
KM218053_BJOX025000_e14_01_AE_CN_2007_CCR5	CTRPSNNTRTGINIGPGRA-FYRTGDITGDIRQAYC	R5
KM218054_BJOX025000_e15_01_AE_CN_2007_CCR5	CTRPSNNTRTGINIGPGRA-FYRTGDITGDIRQAYC	R5
KM218055_BJOX025000_e16_01_AE_CN_2007_CCR5	CTRPSNNTRTGINIGPGRA-FYRTGDITGDIRQAYC	R5
KM218056_BJOX025000_e17_01_AE_CN_2007_CCR5	CTRPSNNTRTGINIGPGRA-FYRTGDITGDIRQAYC	R5
KM218057_BJOX025000_e18_01_AE_CN_2007_CCR5	CTRPSNNTRTGINIGPGRA-FYRTGDITGDIRQAYC	R5
KM218058_BJOX025000_e19_01_AE_CN_2007_CCR5	CTRPSNNTRTGINIGPGRA-FYRTGDITGDIRQAYC	R5
KM218059_BJOX025000_e20_01_AE_CN_2007_CCR5	CTRPSNNTRTGINIGPGRA-FYRTGDITGDIRQAYC	R5
KM218060_BJOX025000_e21_01_AE_CN_2007_CCR5	CTRPSNNTRTGINIGPGRA-FYRTGDITGDIRQAYC	R5
KM218061_BJOX025000_e22_01_AE_CN_2007_CCR5	CTRPSNNTRTGINIGPGRA-FYRTGDITGDIRQAYC	R5
KM218062_BJOX025000_e23_01_AE_CN_2007_CCR5	CTRPSNNTRTGINIGPGRA-FYRTGDITGDIRQAYC	R5
KM218063_BJOX025000_e24_01_AE_CN_2007_CCR5	CTRPSNNTRTGINIGPGRA-FYRTGDITGDIRQAYC	R5
KM218064_BJOX025000_e25_01_AE_CN_2007_CCR5	CTRPSNNTRTGINIGPGRA-FYRTGDITGDIRQAYC	R5
KM218065_BJOX025000_e26_01_AE_CN_2007_CCR5	CTRPSNNTRTGINIGPGRA-FYRTGDITGDIRQAYC	R5
KM218066_BJOX025000_e27_01_AE_CN_2007_CCR5	CTRPSNNTRTGINIGPGRA-FYRTGDITGDIRQAYC	R5
KM218067_BJOX025000_e28_01_AE_CN_2007_CCR5	CTRPSNNTRTGINIGPGRA-FYRTGDITGDIRQAYC	R5
KM218068_BJOX025000_e29_01_AE_CN_2007_CCR5	CTRPSNNTRTGINIGPGRA-FYRTGDITGDIRQAYC	R5
KM218069_BJOX025000_e30_01_AE_CN_2007_CCR5	CTRPSNNTRTGINIGPGRA-FYRTGDITGDIRQAYC	R5
KM218070_BJOX025000_e31_01_AE_CN_2007_CCR5	CTRPSNNTRTGINIGPGRA-FYRTGDITGDIRQAYC	R5
KM218071_BJOX025000_e32_01_AE_CN_2007_CCR5	CTRPSNNTRTGINIGPGRA-FYRTGDITGDIRQAYC	R5
KM218076_BJOX028000_e02_01_AE_CN_2007_CCR5	CTRPSNNTRTSIPIGPGRA-FYRTGDITGDIRQAYC	R5
KM218077_BJOX028000_e03_01_AE_CN_2007_CCR5	CTRPSNNTRTSIPIGPGRA-FYRTGDITGDIRQAYC	R5
KM218078_BJOX028000_e04_01_AE_CN_2007_CCR5	CTRPSNNTRTSIPIGPGRA-FYRTGDITGDIRQAYC	R5
KM218079_BJOX028000_e06_01_AE_CN_2007_CCR5	CTRPSNNTRTSIPIGPGRA-FYRTGDITGDIRQAYC	R5
KM218080_BJOX028000_e08_01_AE_CN_2007_CCR5	CTRPSNNTRTSIPIGPGRA-FYRTGDITGDIRQAYC	R5
KM218081_BJOX028000_e09_01_AE_CN_2007_CCR5	CTRPSNNTRTSIPIGPGRA-FYRTGDITGDIRQAYC	R5
KM218082_BJOX028000_e10_01_AE_CN_2007_CCR5	CTRPSNNTRTSIPIGPGRA-FYRTGDITGDIRQAYC	R5
KM218083_BJOX028000_e13_01_AE_CN_2007_CCR5	CTRPSNNTRTSIPIGPGRA-FYRTGDITGDIRQAYC	R5
KM218084_BJOX028000_e18_01_AE_CN_2007_CCR5	CTRPSNNTRTSIPIGPGRA-FYRTGDITGDIRQAYC	R5
KM218085_BJOX028000_e19_01_AE_CN_2007_CCR5	CTRPSNNTRTSIPIGPGRA-FYRTGDITGDIRQAYC	R5
KM218086_BJOX028000_e21_01_AE_CN_2007_CCR5	CTRPSNNTRTSIPIGPGRA-FYRTGDITGDIRQAYC	R5
KM218087_BJOX028000_e22_01_AE_CN_2007_CCR5	CTRPSNNTRTSIPIGPGRA-FYRTGDITGDIRQAYC	R5
KM218088_BJOX028000_e23_01_AE_CN_2007_CCR5	CTRPSNNTRTSIPIGPGRA-FYRTGDITGDIRQAYC	R5
KM218089_BJOX028000_e24_01_AE_CN_2007_CCR5	CTRPSNNTRTSIPIGPGRA-FYRTGDITGDIRQAYC	R5
KM218090_BJOX028000_e25_01_AE_CN_2007_CCR5	CTRPSNNTRTSIPIGPGRA-FYRTGDITGDIRQAYC	R5
KM218091_BJOX028000_e26_01_AE_CN_2007_CCR5	CTRPSNNTRTSIPIGPGRA-FYRTGDITGDIRQAYC	R5
KM218092_BJOX028000_e27_01_AE_CN_2007_CCR5	CTRPSNNTRTSIPIGPGRA-FYRTGDITGDIRQAYC	R5
KM218094_BJOX028000_e30_01_AE_CN_2007_CCR5	CTRPSNNTRTSIPIGPGRA-FYRTGDITGDIRQAYC	R5
KM218095_BJOX028000_e32_01_AE_CN_2007_CCR5	CTRPSNNTRTSIPIGPGRA-FYRTGDITGDIRQAYC	R5
KM218096_BJOX028000_e34_01_AE_CN_2007_CCR5	CTRPSNNTRTSIPIGPGRA-FYRTGDITGDIRQAYC	R5
KM218097_BJOX028000_e35_01_AE_CN_2007_CCR5	CTRPSNNTRTSIPIGPGRA-FYRTGDITGDIRQAYC	R5
KM218098_BJOX028000_e36_01_AE_CN_2007_CCR5	CTRPSNNTRTSIPIGPGRA-FYRTGDITGDIRQAYC	R5
KM218099_BJOX028000_e37_01_AE_CN_2007_CCR5	CTRPSNNTRTSIPIGPGRA-FYRTGDITGDIRQAYC	R5
KM218100_BJOX028000_e38_01_AE_CN_2007_CCR5	CTRPSNNTRTSIPIGPGRA-FYRTGDITGDIRQAYC	R5
KM218101_BJOX028000_e39_01_AE_CN_2007_CCR5	CTRPSNNTRTSIPIGPGRA-FYRTGDITGDIRQAYC	R5
KM218102_BJOX028000_e40_01_AE_CN_2007_CCR5	CTRPSNNTRTSIPIGPGRA-FYRTGDITGDIRQAYC	R5
KM218103_BJOX028000_e41_01_AE_CN_2007_CCR5	CTRPSNNTRTSIPIGPGRA-FYRTGDITGDIRQAYC	R5
KM218104_BJOX028000_e43_01_AE_CN_2007_CCR5	CTRPSNNTRTSIPIGPGRA-FYRTGDITGDIRQAYC	R5
KM218113_BJOX031000_e01_01_AE_CN_2008_CCR5	CTRPSNNTRTSTRIGPGQV-FYRTGDIIGDIRKAYC	R5
KM218114_BJOX031000_e02_01_AE_CN_2008_CCR5	CTRPSNNTRTSTRIGPGQV-FYRTGDIIGDIRKAYC	R5
KM218115_BJOX031000_e04_01_AE_CN_2008_CCR5	CTRPSNNTRTSTRIGPGQV-FYRTGDIIGDIRKAYC	R5
KM218116_BJOX031000_e05_01_AE_CN_2008_CCR5	CTRPSNNTRTSTRIGPGQV-FYRTGDIIGDIRKAYC	R5
KM218117_BJOX031000_e06_01_AE_CN_2008_CCR5	CTRPSNNTRTSTRIGPGQV-FYRTGDIIGDIRKAYC	R5
KM218118_BJOX031000_e07_01_AE_CN_2008_CCR5	CTRPSNNTRTSTRIGPGQV-FYRTGDIIGDIRKAYC	R5
KM218119_BJOX031000_e11_01_AE_CN_2008_CCR5	CTRPSNNTRTSTRIGPGQV-FYRTGDIIGDIRKAYC	R5
KM218120_BJOX031000_e12_01_AE_CN_2008_CCR5	CTRPSNNTRTSTRIGPGQV-FYRTGDIIGDIRKAYC	R5
KM218121_BJOX031000_e13_01_AE_CN_2008_CCR5	CTRPSNNTRTSTRIGPGQV-FYRTGDIIGDIRKAYC	R5
KM218122_BJOX031000_e14_01_AE_CN_2008_CCR5	CTRPSNNTRTSTRIGPGQV-FYRTGDIIGDIRKAYC	R5
KM218123_BJOX031000_e15_01_AE_CN_2008_CCR5	CTRPSNNTRTSTRIGPGQV-FYRTGDIIGDIRKAYC	R5
KM218124_BJOX031000_e17_01_AE_CN_2008_CCR5	CTRPSNNTRTSTRIGPGQV-FYRTGDIIGDIRKAYC	R5
KM218125_BJOX031000_e19_01_AE_CN_2008_CCR5	CTRPSNNTRTSTRIGPGQV-FYRTGDIIGDIRKAYC	R5
KM218126_BJOX031000_e20_01_AE_CN_2008_CCR5	CTRPSNNTRTSTRIGPGQV-FYRTGDIIGDIRKAYC	R5
KM218127_BJOX031000_e21_01_AE_CN_2008_CCR5	CTRPSNNTRTSTRIGPGQV-FYRTGDIIGDIRKAYC	R5
KM218128_BJOX031000_e23_01_AE_CN_2008_CCR5	CTRPSNNTRTSTRIGPGQV-FYRTGDIIGDIRKAYC	R5
KM218129_BJOX031000_e25_01_AE_CN_2008_CCR5	CTRPSNNTRTSTRIGPGQV-FYRTGDIIGDIRKAYC	R5
KM218130_BJOX031000_e26_01_AE_CN_2008_CCR5	CTRPSNNTRTSTRIGPGQV-FYRTGDIIGDIRKAYC	R5
KM218131_BJOX031000_e27_01_AE_CN_2008_CCR5	CTRPSNNTRTSTRIGPGQV-FYRTGDIIGDIRKAYC	R5
KM218132_BJOX031000_e28_01_AE_CN_2008_CCR5	CTRPSNNTRTSTRIGPGQV-FYRTGDIIGDIRKAYC	R5
KM218133_BJOX031000_e29_01_AE_CN_2008_CCR5	CTRPSNNTRTSTRIGPGQV-FYRTGDIIGDIRKAYC	R5
KM218134_BJOX031000_e31_01_AE_CN_2008_CCR5	CTRPSNNTRTSTRIGPGQV-FYRTGDIIGDIRKAYC	R5
KM218135_BJOX031000_e32_01_AE_CN_2008_CCR5	CTRPSNNTRTSTRIGPGQV-FYRTGDIIGDIRKAYC	R5
KM218136_BJOX031000_e34_01_AE_CN_2008_CCR5	CTRPSNNTRTSTRIGPGQV-FYRTGDIIGDIRKAYC	R5
KM218137_BJOX031000_e35_01_AE_CN_2008_CCR5	CTRPSNNTRTSTRIGPGQV-FYRTGDIIGDIRKAYC	R5
KM218260_BJOX008000_e01_01_AE_CN_2007_CCR5	CTRPSNNTRESINIGPGRA-FYRTGDIVGDIRQAFC	R5
KM218261_BJOX008000_e02_01_AE_CN_2007_CCR5	CTRPSNNTRESINIGPGRA-FYRTGDIVGDIRQAFC	R5
KM218262_BJOX008000_e03_01_AE_CN_2007_CCR5	CTRPSNNTRESINIGPGRA-FYRTGDIVGDIRQAFC	R5
KM218263_BJOX008000_e04_01_AE_CN_2007_CCR5	CTRPSNNTRESINIGPGRA-FYRTGDIVGDIRQAFC	R5
KM218264_BJOX008000_e05_01_AE_CN_2007_CCR5	CTRPSNNTRESINIGPGRA-FYRTGDIVGDIRQAFC	R5
KM218265_BJOX008000_e06_01_AE_CN_2007_CCR5	CTRPSNNTRESINIGPGRA-FYRTGDIVGDIRQAFC	R5
KM218266_BJOX008000_e08_01_AE_CN_2007_CCR5	CTRPSNNTRESINIGPGRA-FYRTGDIVGDIRQAFC	R5
KM218267_BJOX008000_e09_01_AE_CN_2007_CCR5	CTRPSNNTRESINIGPGRA-FYRTGDIVGDIRQAFC	R5
KM218268_BJOX008000_e10_01_AE_CN_2007_CCR5	CTRPSNNTRESINIGPGRA-FYRTGDIVGDIRQAFC	R5
KM218269_BJOX008000_e11_01_AE_CN_2007_CCR5	CTRPSNNTRESINIGPGRA-FYRTGDIVGDIRQAFC	R5
KM218270_BJOX008000_e13_01_AE_CN_2007_CCR5	CTRPSNNTRESINIGPGRA-FYRTGDIVGDIRQAFC	R5
KM218271_BJOX008000_e14_01_AE_CN_2007_CCR5	CTRPSNNTRESINIGPGRA-FYRTGDIVGDIRQAFC	R5
KM218272_BJOX008000_e15_01_AE_CN_2007_CCR5	CTRPSNNTRESINIGPGRA-FYRTGDIVGDIRQAFC	R5
KM218273_BJOX008000_e16_01_AE_CN_2007_CCR5	CTRPSNNTRESINIGPGRA-FYRTGDIVGDIRQAFC	R5
KM218274_BJOX008000_e17_01_AE_CN_2007_CCR5	CTRPSNNTRESINIGPGRA-FYRTGDIVGDIRQAFC	R5
KM218275_BJOX008000_e18_01_AE_CN_2007_CCR5	CTRPSNNTRESINIGPGRA-FYRTGDIVGDIRQAFC	R5
KM218276_BJOX008000_e20_01_AE_CN_2007_CCR5	CTRPSNNTRESINIGPGRA-FYRTGDIVGDIRQAFC	R5
KM218277_BJOX008000_e22_01_AE_CN_2007_CCR5	CTRPSNNTRESINIGPGRA-FYRTGDIVGDIRQAFC	R5
KM218278_BJOX008000_e24_01_AE_CN_2007_CCR5	CTRPSNNTRESINIGPGRA-FYRTGDIVGDIRQAFC	R5
KM218279_BJOX008000_e25_01_AE_CN_2007_CCR5	CTRPSNNTRESINIGPGRA-FYRTGDIVGDIRQAFC	R5
KM218280_BJOX008000_e27_01_AE_CN_2007_CCR5	CTRPSNNTRESINIGPGRA-FYRTGDIVGDIRQAFC	R5
KM218281_BJOX008000_e29_01_AE_CN_2007_CCR5	CTRPSNNTRESINIGPGRA-FYRTGDIVGDIRQAFC	R5
KM218282_BJOX008000_e30_01_AE_CN_2007_CCR5	CTRPSNNTRESINIGPGRA-FYRTGDIVGDIRQAFC	R5
KM218283_BJOX030000_e01_01_AE_CN_2007_CCR5	CTRPSNNTRKGTRIGPGQV-FYRTGDITGDIRKAYC	R5
KM218284_BJOX030000_e02_01_AE_CN_2007_CCR5	CTRPSNNTRKSTRIGPGQV-FYRTGDITGDIRKAYC	R5
KM218285_BJOX030000_e03_01_AE_CN_2007_CCR5	CTRPSNNTRKSTRIGPGQV-FYRTGDITGDIRKAYC	R5
KM218286_BJOX030000_e04_01_AE_CN_2007_CCR5	CTRPSNNTRKSTRIGPGQV-FYRTGDITGDIRKAYC	R5
KM218287_BJOX030000_e05_01_AE_CN_2007_CCR5	CTRPSNNTRKSTRIGPGQV-FYRTGDITGDIRKAYC	R5
KM218288_BJOX030000_e06_01_AE_CN_2007_CCR5	CTRPSNNTRKSTRIGPGQV-FYRTGDITGDIRKAYC	R5
KM218289_BJOX030000_e07_01_AE_CN_2007_CCR5	CTRPSNNTRKSTRIGPGQV-FYRTGDITGDIRKAYC	R5
KM218290_BJOX030000_e08_01_AE_CN_2007_CCR5	CTRPSNNTRKSTRIGPGQV-FYRTGDITGDIRKAYC	R5
KM218291_BJOX030000_e09_01_AE_CN_2007_CCR5	CTRPSNNTRKSTRIGPGQV-FYRTGDITGDIRKAYC	R5
KM218292_BJOX030000_e10_01_AE_CN_2007_CCR5	CTRPSNNTRKSTRIGPGQV-FYRTGDITGDIRKAYC	R5
KM218293_BJOX030000_e11_01_AE_CN_2007_CCR5	CTRPSNNTRKSTRIGPGQV-FYRTGDITGDIRKAYC	R5
KM218294_BJOX030000_e12_01_AE_CN_2007_CCR5	CTRPSNNTRKSTRIGPGQV-FYRTGDITGDIRKAYC	R5
KM218295_BJOX030000_e13_01_AE_CN_2007_CCR5	CTRPSNNTRKSTRIGPGQV-FYRTGDITGDIRKAYC	R5
KM218296_BJOX030000_e16_01_AE_CN_2007_CCR5	CTRPSNNTRKSTRIGPGQV-FYRTGDITGDIRKAYC	R5
KM218297_BJOX030000_e18_01_AE_CN_2007_CCR5	CTRPSNNTRKSTRIGPGQV-FYRTGDITGDIRKAYC	R5
KM218298_BJOX030000_e22_01_AE_CN_2007_CCR5	CTRPSNNTRKSTRIGPGQV-FYRTGDITGDIRKAYC	R5
KM218299_BJOX030000_e23_01_AE_CN_2007_CCR5	CTRPSNNTRKSTRIGPGQV-FYRTGDITGDIRKAYC	R5
KM218300_BJOX030000_e25_01_AE_CN_2007_CCR5	CTRPSNNTRKSTRIGPGQV-FYRTGDITGDIRKAYC	R5
KM218301_BJOX030000_e26_01_AE_CN_2007_CCR5	CTRPSNNTRKSTRIGPGQV-FYRTGDITGDIRKAYC	R5
KM218302_BJOX033000_e01_01_AE_CN_2008_CCR5	CTRPSNNTRTSIPIGPGRA-FYKIGDIIGDIRQAHC	R5
KP109504_DE00109CN005_01_AE_CN_2009_CCR5	CTRPSNNTRTSITIGPGRT-FYRLGDIIGDIRQAYC	R5
KP109505_DE00109CN008_01_AE_CN_2009_CCR5	CTRPSNNTRTSINIGPGRA-FYKTGDITGDIRQAYC	R5
KP109506_DE00110CN007_01_AE_CN_2010_CCR5	CTRPSNNTRTSIGMGPGQT-FFRTGDIIGDIRQAYC	R5
KP109507_DE00110CN009_01_AE_CN_2010_CCR5	CTRPSNNTRTSISIGPGQA-FYRTGDIIGDIRQAYC	R5
KP109508_DE00112CN011_01_AE_CN_2012_CCR5	CTRPSNNTRTSIHIGPGQA-FYRTGEIIGDIRQAYC	R5
KP109513_DE00110TH001_01_AE_TH_2010_CCR5	CTRPSNNTRTGIHIGPGQV-FYKTGDIIGDIRKAYC	R5
KU562843_TH023_01_AE_TH_1992_CCR5	CTRPSNNTRTSINIGPGQV-FYRTGDIIGDIRKAYC	R5
KU994848_CMU_SH_HDR932_01_AE_TH_2010_CCR5	CTRPSNNRRTSTPIGPGQA-FYHYGDIIGNIRSAYC	R5
KY213715_HM130_01_AE_SG_2009_CCR5	CTRPSNNTRTSVSIGPGQV-FYRTGDIIGDIRRAYC	R5
KY213716_HM086_01_AE_SG_2008_CCR5	CTRPSNNTRTSMRIGPGQT-FYRTGEITGDIRQAYC	R5
KY213717_HM097_01_AE_SG_2008_CCR5	CIRPSNNTRTSISIGPGRV-FYRTGDITGDIRQAYC	R5
KY213718_HM123D_01_AE_SG_2009_CCR5	CTRPANNTRTSIAIGPGQMFFYRQGDVIGNIRKAQC	R5
KY213719_HM073_01_AE_SG_2008_CCR5	CTRPSNNTRKSIRIGPGQV-FYQTGDITGDIRKAYC	R5
KY213720_FREE019_01_AE_SG_2008_CCR5	CTRPSNNTRKGTTIGPGQV-FYRTGEIIGDIRQAHC	R5
KY213721_HM153I_01_AE_SG_2009_CCR5	CTRPSNNTRTSMSIGPGQV-FYRTGDIIGDIRQAYC	R5
KY213722_HM033_01_AE_SG_2008_CCR5	CTRPSNNTRTSLTIGPGQV-FYRTGDIIGDIRRAHC	R5
KY213723_HM051_01_AE_SG_2008_CCR5	CTRPSNNTRQGIAMGPGQM-FYRRGDIIGDIRQAYC	R5
KY213724_HM089_01_AE_SG_2008_CCR5	CTRPSNNTRTSITMGPGQM-FYRTGDIIGDIRKAYC	R5
KY213725_HM043_01_AE_SG_2008_CCR5	CTRPGNNTRTSVSIGPGQV-FYRQGDIIGDITKAYC	R5
KY213726_HM067_01_AE_SG_2008_CCR5	CTRPSNNTRTSVSMGPGQV-FYRTGDIIGDITKAYC	R5
KY213727_HM040_01_AE_SG_2008_CCR5	CTRPSNNTRTSVSIGPGQV-FYRTGDIIGDITKAYC	R5
KY213728_HM044_01_AE_SG_2008_CCR5	CTRPSNNTRTSISIGPGQV-FYRTGDIIGNIRMAYC	R5
KY213729_HM132F_01_AE_SG_2009_CCR5	CIRPSNNTRTSLTIGPGQV-FYRTGDIIGDIRRAYC	R5
KY213730_HM018_01_AE_SG_2008_CCR5	CTRPSNNTRTSVSIGPGQI-FYRTGDIIGDITKAYC	R5
KY213731_HM026_01_AE_SG_2008_CCR5	CTRPSNNTRTSVSIGPGQV-FYRTGDIIGDITKAYC	R5
KY213732_HM108_01_AE_SG_2008_CCR5	CTRPSNNTRTSVSIGPGRV-FYRPGDIIGDITKAYC	R5
KY213733_HM032_01_AE_SG_2008_CCR5	CTRPSNNTRTSITIGPGRV-FYKTGDIIGDIRQAYC	R5
KY213734_HM149_01_AE_SG_2009_CCR5	CTRPSNNTRTSINMGPGQV-LYRTGDIIGDIRRAYC	R5
KY213735_HM019_01_AE_SG_2008_CCR5	CTRPSNNTRTSVSIGPGRV-FYRTGDIIGDITKAYC	R5
KY213736_HM034_01_AE_SG_2008_CCR5	CTRPNNNTITSLTIGPGQV-FYRTGDIKGDIRKAYC	R5
KY213737_HM045_01_AE_SG_2008_CCR5	CTRPSNNTRTGVHIGPGQV-FYRTGDIVGDITKAYC	R5
KY213738_HM038_01_AE_SG_2008_CCR5	CTRPSNNTRQSITIGPGQM-FYRRGDIIGDIRQAFC	R5
KY213739_HM069_01_AE_SG_2008_CCR5	CTRPSNNTRTSVAIGPGQV-WYRTEDIIGNIRKAYC	R5
KY580548_40061v03_08_01_AE_TH_2009_CCR5	CTRPSNNTRTSMTIGPGQV-FYRTGEIIGNIRQAYC	R5
KY580588_40100v01_09_01_AE_TH_2010_CCR5	CTRPSNNTRTGIHIGPGQV-FYKTGDIIGDIRKAYC	R5
KY580696_40436v09_03_01_AE_TH_2011_CCR5	CTRPSNNTRTSVHIGPGQV-FYRTGEIIGDIRKAYC	R5
L03698_TN235_01_AE_TH_1990_CCR5	CTRPSNNTRTSIPIGPGQA-FYRTGDIIGDIRKAYC	R5
L03704_TN244_CM244_01_AE_TH_1990_CCR5	CTRPSNNTRTSITIGPGQV-FYRTGDIIGDIRKAYC	R5
MF622080_40100v01_mn01_01_AE_TH_2010_CCR5	CTRPSNNTRTGIHIGPGQV-FYKTGDIIGDIRKAYC	R5
MH672719_182_A11_01_AE_CN_2010_CCR5	CTRPSNNTRTSTRIGPGQV-FYRTGEITGDIRKAHC	R5
MH672720_182_A12_01_AE_CN_2010_CCR5	CTRPSNNTRTSTRIGPGQV-FYRTGEITGDIRKAHC	R5
MH672721_182_A2_dp_01_AE_CN_2010_CCR5	CTRPSNNTRTSTRIGPGQV-FYRTGEITGDIRKAHC	R5
MH672722_182_A5_01_AE_CN_2010_CCR5	CTRPSNNTRTSTRIGPGQV-FYRTGEITGDIRKAHC	R5
MH672723_182_B10_01_AE_CN_2010_CCR5	CTRPSNNTRTSTRIGPGQV-FYRTGEITGDIRKAHC	R5
MH672724_182_B3_01_AE_CN_2010_CCR5	CTRPSNNTRTSTRIGPGQV-FYRTGEITGDIRKAHC	R5
MH672725_182_B7_01_AE_CN_2010_CCR5	CTRPSNNTRTSTRIGPGQV-FYRTGEITGDIRKAHC	R5
MH672726_182_C10_01_AE_CN_2010_CCR5	CTRPSNNTRTSTRIGPGQV-FYRTGEITGDIRKAHC	R5
MH672727_182_C11_01_AE_CN_2010_CCR5	CTRPSNNTRTSTRIGPGQV-FYRTGEITGDIRKAHC	R5
MH672728_182_C2_01_AE_CN_2010_CCR5	CTRPSNNTRTSTRIGPGQV-FYRTGEITGDIRKAHC	R5
MH672729_182_C4_01_AE_CN_2010_CCR5	CTRPSNNTRTSTRIGPGQV-FYRTGEITGDIRKAHC	R5
MH672730_182_D1_01_AE_CN_2010_CCR5	CTRPSNNTRTSTRIGPGQV-FYRTGEITGDIRKAHC	R5
MH672731_182_D8_01_AE_CN_2010_CCR5	CTRPSNNTRTSTRIGPGQV-FYRTGEITGDIRKAHC	R5
MH672732_182_E12_01_AE_CN_2010_CCR5	CTRPSNNTRTSTRIGPGQV-FYRTGEITGDIRKAHC	R5
MH672733_182_F2_01_AE_CN_2010_CCR5	CTRPSNNTRTSTRIGPGQV-FYRTGEITGDIRKAHC	R5
MH672734_182_G10_01_AE_CN_2010_CCR5	CTRPSNNTRTSTRIGPGQV-FYRTGEITGDIRKAHC	R5
MH672735_182_G11_01_AE_CN_2010_CCR5	CTRPSNNTRTSTRIGPGQV-FYRTGEITGDIRKAHC	R5
MH672736_182_G1_dp_01_AE_CN_2010_CCR5	CTRPSNNTRTSTRIGPGQV-FYRTGEITGDIRKAHC	R5
MH672737_182_H5_01_AE_CN_2010_CCR5	CTRPSNNTRTSTRIGPGQV-FYRTGEITGDIRKAHC	R5
MH672757_20170826_167_01_AE_CN_2010_CCR5	CTRPSNNTRESINIGPGRA-FYRIGDIIGDIRQAFC	R5
MH672758_20170826_171_01_AE_CN_2010_CCR5	CTRPSNNTRTSIRIGPGQM-FYRTGDIIGDIRKAYC	R5
MH672759_20170826_178_01_AE_CN_2010_CCR5	CTRPSNNTRTSIRIGPGQL-FYRTGDIIGNPRKAYC	R5
MH672760_20170826_243_01_AE_CN_2012_CCR5	CIRPFNNTRTSIRIGPGQM-FYRTGDIIGDIRKAHC	R5
MH672761_20170826_280_01_AE_CN_2012_CCR5	CTRPSNNTRTSTRIGPGQM-FYRTGDIIGDIRKAYC	R5
MH672762_20170826_293_01_AE_CN_2012_CCR5	CTRPSNNTRTSIPMGPGRA-FYRTGDIIGDIRQAYC	R5
MH672763_223_A11_01_AE_CN_2011_CCR5	CTRPSNNTRMSTRIGPGQM-FYRTGDIIGDIRKAYC	R5
MH672764_223_A2_01_AE_CN_2011_CCR5	CTRPSNNTRMSTRIGPGQM-FYRTGDIIGDIRKAYC	R5
MH672765_223_A3_01_AE_CN_2011_CCR5	CTRPSNNTRMSTRIGPGQM-FYRTGDIIGDIRKAYC	R5
MH672766_223_A7_01_AE_CN_2011_CCR5	CTRPSNNTRMSTRIGPGQM-FYRTGDIIGDIRKAYC	R5
MH672767_223_B10_01_AE_CN_2011_CCR5	CTRPSNNTRMSTRIGPGQM-FYRTGDIIGDIRKAYC	R5
MH672768_223_B12_01_AE_CN_2011_CCR5	CTRPSNNTRMSTRIGPGQM-FYRTGDIIGDIRKAYC	R5
MH672769_223_C10_01_AE_CN_2011_CCR5	CTRPSNNTRMSTRIGPGQM-FYRTGDIIGDIKKAYC	R5
MH672770_223_C2_01_AE_CN_2011_CCR5	CTRPSNNTRMSTRIGPGQM-FYRTGDIIGDIRKAYC	R5
MH672771_223_C3_01_AE_CN_2011_CCR5	CTRPSNNTRMSTRIGPGQM-FYRTGDIIGDIRKAYC	R5
MH672772_223_C4_01_AE_CN_2011_CCR5	CTRPSNNTRMSTRIGPGQM-FYRTGDIIGDIRKAYC	R5
MH672773_223_C9_01_AE_CN_2011_CCR5	CTRPSNNTRMSTRIGPGQM-FYRTGDIIGDIRKAYC	R5
MH672774_223_D2_01_AE_CN_2011_CCR5	CTRPSNNTRMSTRIGPGQM-FYRTGDIIGDIRKAYC	R5
MH672775_223_D3_01_AE_CN_2011_CCR5	CTRPSNNTRMSTRIGPGQM-FYRTGDIIGDIRKAYC	R5
MH672776_223_E10_01_AE_CN_2011_CCR5	CTRPSNNTRMSTRIGPGQM-FYRTGDIIGDIRKAYC	R5
MH672777_223_E6_01_AE_CN_2011_CCR5	CTRPSNNTRMSTRIGPGQM-FYRTGDIIGDIRKAYC	R5
MH672778_223_E8_01_AE_CN_2011_CCR5	CTRPSNNTRMSTRIGPGQM-FYRTGDIIGDIRKAYC	R5
MH672779_223_E9_01_AE_CN_2011_CCR5	CTRPSNNTRMSTRIGPGQM-FYRTGDIIGDIRKAYC	R5
MH672780_223_F1_01_AE_CN_2011_CCR5	CTRPSNNTRMSTRIGPGQM-FYRTGDIIGDIRKAYC	R5
MH672781_223_F12_01_AE_CN_2011_CCR5	CTRPSNNTRMSTRIGPGQM-FYRTGDIIGDIRKAYC	R5
MH672782_223_F2_01_AE_CN_2011_CCR5	CTRPSNNTRMSTRIGPGQM-FYRTGDIIGDIRKAYC	R5
MH672783_223_F3_01_AE_CN_2011_CCR5	CTRPSNNTRMSTRIGPGQM-FYRTGDIIGDIRKAYC	R5
MH672784_223_F8_01_AE_CN_2011_CCR5	CTRPSNNTRMSTRIGPGQM-FYRTGDIIGDIRKAYC	R5
MH672785_223_G7_01_AE_CN_2011_CCR5	CTRPSNNTRMSTRIGPGQM-FYRTGDIIGDIRKAYC	R5
MH672786_223_H11_01_AE_CN_2011_CCR5	CTRPSNNTRMSTRIGPGQM-FYRTGDIIGDIRKAYC	R5
MH672787_223_H12_01_AE_CN_2011_CCR5	CTRPSNNTRMSTRIGPGQM-FYRTGDIIGDIRKAYC	R5
MH672788_223_H5_01_AE_CN_2011_CCR5	CTRPSNNTRMSTRIGPGQM-FYRTGDIIGDIRKAYC	R5
MH672789_223_H7_01_AE_CN_2011_CCR5	CTRPSNNTRMSTRIGPGQM-FYRTGDIIGDIRKAYC	R5
MH672790_240_A12_01_AE_CN_2012_CCR5	CTRPSNNTRTSTRIGPGQV-FYRTGEIIGDIRKAHC	R5
MH672791_240_A8_01_AE_CN_2012_CCR5	CTRPSNNTRTSTRIGPGQV-FYRTGEIIGDIRKAHC	R5
MH672792_240_B2_01_AE_CN_2012_CCR5	CTRPSNNTRTSTRIGPGQV-FYRTGEIIGDIRKAHC	R5
MH672793_240_B4_01_AE_CN_2012_CCR5	CTRPSNNTRTSTRIGPGQV-FYRTGEIIGDIRKAHC	R5
MH672794_240_B6_01_AE_CN_2012_CCR5	CTRPSNNTRTSTRIGPGQV-FYRTGEIIGDIRKAHC	R5
MH672795_240_B7_01_AE_CN_2012_CCR5	CTRPSNNTRTSTRIGPGQV-FYRTGEIIGDIRKAHC	R5
MH672796_240_B9_01_AE_CN_2012_CCR5	CTRPSNNTRTSTRIGPGQV-FYRTGEIIGDIRKAHC	R5
MH672797_240_C11_01_AE_CN_2012_CCR5	CTRPSNNTRTSTRIGPGQV-FYRTGEIIGDIRKAHC	R5
MH672798_240_C2_01_AE_CN_2012_CCR5	CTRPSNNTRTSTRIGPGQV-FYRTGEIIGDIRKAHC	R5
MH672799_240_C7_01_AE_CN_2012_CCR5	CTRPSNNTRTSTRIGPGQV-FYRTGEIIGDIRKAHC	R5
MH672800_240_D1_01_AE_CN_2012_CCR5	CTRPSNNTRTSTRIGPGQV-FYRTGEIIGDIRKAHC	R5
MH672801_240_D3_01_AE_CN_2012_CCR5	CTRPSNNTRTSTRIGPGQV-FYRTGEIIGDIRKAHC	R5
MH672802_240_D5_01_AE_CN_2012_CCR5	CTRPSNNTRTSTRIGPGQV-FYRTGEIIGDIRKAHC	R5
MH672803_240_E1_01_AE_CN_2012_CCR5	CTRPSNNTRTSTRIGPGQV-FYRTGEIIGDIRKAHC	R5
MH672804_240_E10_01_AE_CN_2012_CCR5	CTRPSNNTRTSTRIGPGQV-FYRTGEIIGDIRKAHC	R5
MH672805_240_E12_01_AE_CN_2012_CCR5	CTRPSNNTRTSTRIGPGQV-FYRTGEIIGDIRKAHC	R5
MH672806_240_F10_01_AE_CN_2012_CCR5	CTRPSNNTRTSTRIGPGQV-FYRTGEIIGDIRKAHC	R5
MH672807_240_F2_01_AE_CN_2012_CCR5	CTRPSNNTRTSTRIGPGQV-FYRTGEIIGDIRKAHC	R5
MH672808_240_F4_01_AE_CN_2012_CCR5	CTRPSNNTRTSTRIGPGQV-FYRTGEIIEDIRKAHC	R5
MH672809_240_G10_01_AE_CN_2012_CCR5	CTRPSNNTRTSTRIGPGQV-FYRTGEIIGDIRKAHC	R5
MH672810_240_G3_01_AE_CN_2012_CCR5	CTRPSNNTRTSTRIGPGQV-FYRTGEIIGDIRKAHC	R5
MH672811_240_H1_01_AE_CN_2012_CCR5	CTRPSNNTRTSTRIGPGQV-FYRTGEIIGDIRKAHC	R5
MH672812_240_H12_01_AE_CN_2012_CCR5	CTRPSNNTRTSTRIGPGQV-FYRTGEIIGDIRKAHC	R5
MH672877_249_A4_01_AE_CN_2012_CCR5	CTRPSNNTRTSIRIGPGQM-FYRTGDIIGDIRKAHC	R5
MH672878_249_B10_01_AE_CN_2012_CCR5	CTRPSNNTRTSIRIGPGQM-FYRTGDIIGDIRKAHC	R5
MH672879_249_C1_01_AE_CN_2012_CCR5	CTRPSNNTRTSIRIGPGQM-FYRTGDIIGDIRKAHC	R5
MH672880_249_CD8pos_A10_01_AE_CN_2012_CCR5	CTRPSNNTRTSIRIGPGQM-FYRTGDIIGDIRKAHC	R5
MH672881_249_CD8pos_A5_01_AE_CN_2012_CCR5	CTRPSNNTRTSIRIGPGQM-FYRTGDIIGDIRKAHC	R5
MH672882_249_CD8pos_A8_01_AE_CN_2012_CCR5	CTRPSNNTRTSIRIGPGQM-FYRTGDIIGDIRKAHC	R5
MH672883_249_CD8pos_B12_01_AE_CN_2012_CCR5	CTRPSNNTRTSIRIGPGQM-FYRTGDIIGDIRKAHC	R5
MH672884_249_CD8pos_B7_01_AE_CN_2012_CCR5	CTRPSNNTRTSIRIGPGQM-FYRTGDIIGDIRKAHC	R5
MH672885_249_CD8pos_C9_01_AE_CN_2012_CCR5	CTRPSNNTRTSIRIGPGQM-FYRTGDIIGDIRKAHC	R5
MH672886_249_CD8pos_D1_01_AE_CN_2012_CCR5	CTRPSNNTRTSIRIGPGQM-FYRTGDIIGDIRKAHC	R5
MH672887_249_CD8pos_D3_01_AE_CN_2012_CCR5	CTRPSNNTRTSIRIGPGQM-FYRTGDIIGDIRKAHC	R5
MH672888_249_CD8pos_D7_01_AE_CN_2012_CCR5	CTRPSNNTRTSIRIGPGQM-FYRTGDIIGDIRKAHC	R5
MH672889_249_CD8pos_D8_01_AE_CN_2012_CCR5	CTRPSNNTRTSIRIGPGQM-FYRTGDIIGDIRKAHC	R5
MH672890_249_CD8pos_E1_01_AE_CN_2012_CCR5	CTRPSNNTRTSIRIGPGQM-FYRTGDIIGDIRKAHC	R5
MH672891_249_CD8pos_E4_01_AE_CN_2012_CCR5	CTRPSNNTRTSIRIGPGQM-FYRTGDIIGDIRKAHC	R5
MH672892_249_CD8pos_E6_01_AE_CN_2012_CCR5	CTRPSNNTRTSIRIGPGQM-FYRTGDIIGDIRKAHC	R5
MH672893_249_CD8pos_E8_01_AE_CN_2012_CCR5	CTRPSNNTRTSIRIGPGQM-FYRTGDIIGDIRKAHC	R5
MH672894_249_CD8pos_F1_01_AE_CN_2012_CCR5	CTRPSNNTRTSIRIGPGQM-FYRTGDIIGDIRKAHC	R5
MH672895_249_CD8pos_F11_01_AE_CN_2012_CCR5	CTRPSNNTRTSIRIGPGQM-FYRTGDIIGDIRKAHC	R5
MH672896_249_CD8pos_F12_01_AE_CN_2012_CCR5	CTRPSNNTRTSIRIGPGQM-FYRTGDIIGDIRKAHC	R5
MH672897_249_CD8pos_F6_01_AE_CN_2012_CCR5	CTRPSNNTRTSIRIGPGQM-FYRTGDIIGDIRKAHC	R5
MH672898_249_CD8pos_G3_01_AE_CN_2012_CCR5	CTRPSNNTRTSIRIGPGQM-FYRTGDIIGDIRKAHC	R5
MH672899_249_CD8pos_H6_01_AE_CN_2012_CCR5	CTRPSNNTRTSIRIGPGQM-FYRTGDIIGDIRKAHC	R5
MH672900_249_CD8pos_H7_01_AE_CN_2012_CCR5	CTRPSNNTRTSIRIGPGQM-FYRTGDIIGDIRKAHC	R5
MH672901_249_D12_01_AE_CN_2012_CCR5	CTRPSNNTRTSIRIGPGQM-FYRTGDIIGDIRKAHC	R5
MH672902_249_D4_01_AE_CN_2012_CCR5	CTRPSNNTRTSIRIGPGQM-FYRTGDIIGDIRKAHC	R5
MH672903_249_D9_01_AE_CN_2012_CCR5	CTRPSNNTRTSIRIGPGQM-FYRTGDIIGDIRKAHC	R5
MH672904_249_F10_01_AE_CN_2012_CCR5	CTRPSNNTRTSIRIGPGQM-FYRTGDIIGDIRKAHC	R5
MH672905_249_G3_01_AE_CN_2012_CCR5	CTRPSNNTRTSIRIGPGQM-FYRTGDIIGDIRKAHC	R5
MH672906_249_G7_01_AE_CN_2012_CCR5	CTRPSNNTRTSIRIGPGQM-FYRTGDIIGDIRKAHC	R5
MH672907_249_H1_01_AE_CN_2012_CCR5	CTRPSNNTRTSIRIGPGQM-FYRTGDIIGDIRKAHC	R5
MH672908_249_H11_01_AE_CN_2012_CCR5	CTRPSNNTRTSIRIGPGQM-FYRTGDIIGDIRKAHC	R5
MH672909_249_H9_01_AE_CN_2012_CCR5	CTRPSNNTRTSIRIGPGQM-FYRTGDIIGDIRKAHC	R5
MH672910_250_A2_01_AE_CN_2012_CCR5	CTRPSNNTRTSVRIGPGST-FYRTGDIIGDIRKAYC	R5
MH672911_250_A7_01_AE_CN_2012_CCR5	CTRPSNNTRTSVRIGPGST-FYRTGDIIGDIRKAYC	R5
MH672912_250_C2_01_AE_CN_2012_CCR5	CTRPSNNTRTSVRIGPGST-FYRTGDIIGDIRKAYC	R5
MH672913_250_C4_01_AE_CN_2012_CCR5	CTRPSNNTRTSVRIGPGST-FYRTGDIIGDIRKAYC	R5
MH672914_250_C5_01_AE_CN_2012_CCR5	CTRPSNNTRTSVRIGPGST-FYRTGDIIGDIRKAYC	R5
MH672915_250_D7_01_AE_CN_2012_CCR5	CTRPSNNTRTSVRIGPGST-FYRTGDIIGDIRKAYC	R5
MH672916_250_E2_01_AE_CN_2012_CCR5	CTRPSNNTRTSVRIGPGST-FYRTGDIIGDIRKAYC	R5
MH672917_250_E5_01_AE_CN_2012_CCR5	CTRPSNNTRTSVRIGPGST-FYRTGDIIGDIRKAYC	R5
MH672918_250_F5_01_AE_CN_2012_CCR5	CTRPSNNTRTSVRIGPGST-FYRTGDIIGDIRKAYC	R5
MH672919_250_F6_01_AE_CN_2012_CCR5	CTRPSNNTRTSVRIGPGST-FYRTGDIIGDIRKAYC	R5
MH672920_250_G1_01_AE_CN_2012_CCR5	CTRPSNNTRTSVRIGPGST-FYRTGDIIGDIRKAYC	R5
MH672921_250_H3_01_AE_CN_2012_CCR5	CTRPSNNTRTSVRIGPGST-FYRTGDIIGDIRKAYC	R5
MH672922_250_H5_01_AE_CN_2012_CCR5	CTRPSNNTRTSVRIGPGST-FYRTGDIIGDIRKAYC	R5
MH672923_252_A1_01_AE_CN_2012_CCR5	CTRPSNNTRKSTRIGPGQM-FYRTGDIIGDIRKAYC	R5
MH672924_252_A6_01_AE_CN_2012_CCR5	CTRPSNNTRKSTRIGPGQM-FYRTGDIIGDIRKAYC	R5
MH672926_252_C4_01_AE_CN_2012_CCR5	CTRPSNNTRKSTRIGPGQM-FYRTGDIIGDIRKAYC	R5
MH672927_252_C5_01_AE_CN_2012_CCR5	CTRPSNNTRKSTRIGPGQM-FYRTGDIIGDIRKAYC	R5
MH672928_252_C9_01_AE_CN_2012_CCR5	CTRPSNNTRKSTRIGPGQM-FYRTGDIIGDIRKAYC	R5
MH672929_252_D3_01_AE_CN_2012_CCR5	CTRPSNNTRKSTRIGPGQM-FYRTGDIIGDIRKAYC	R5
MH672930_252_D6_01_AE_CN_2012_CCR5	CTRPSNNTRKSTRIGPGQM-FYRTGDIIGDIRKAYC	R5
MH672931_252_D7_01_AE_CN_2012_CCR5	CTRPSNNTRKSTRIGPGQM-FYRTGDIIGDIRKAYC	R5
MH672932_252_D8_01_AE_CN_2012_CCR5	CTRPSNNTRKSTRIGPGQM-FYRTGDIIGDIRKAYC	R5
MH672933_252_E12_01_AE_CN_2012_CCR5	CTRPSNNTRKSIRIGPGQM-FYRTGDIIGDIRKAYC	R5
MH672934_252_E3_01_AE_CN_2012_CCR5	CTRPSNNTRKSTRIGPGQM-FYRTGDIIGDIRKAYC	R5
MH672935_252_F5_01_AE_CN_2012_CCR5	CTRPSNNTRKSTRIGPGQM-FYRTGDIIGDIRKAYC	R5
MH672936_252_F8_01_AE_CN_2012_CCR5	CTRPSNNTRKSTRIGPGQM-FYRTGDIIGDIRKAYC	R5
MH672937_252_F9_01_AE_CN_2012_CCR5	CTRPSNNTRKSTRIGPGQM-FYRTGDIIGDVRKAYC	R5
MH672938_252_G2_01_AE_CN_2012_CCR5	CTRPSNNTRKSTRIGPGQM-FYRTGDIIGDIRKAYC	R5
MH672939_252_H1_01_AE_CN_2012_CCR5	CTRPSNNTRKSTRIGPGQM-FYRTGDIIGDIRKAYC	R5
MH672940_252_H4_01_AE_CN_2012_CCR5	CTRPSNNTRKSTRIGPGQM-FYRTGDIIGDIRKAYC	R5
MH672956_279_A4_01_AE_CN_2012_CCR5	CTRPSNNTRTSTRIGPGQV-FYRTGEIIGDIRKAHC	R5
MH672957_279_A5_01_AE_CN_2012_CCR5	CTRPSNNTRTSTRIGPGQV-FYRTGEIIGDIRKAHC	R5
MH672958_279_A6_01_AE_CN_2012_CCR5	CTRPSNNTRTSTRIGPGQV-FYRTGEIIGDIRKAHC	R5
MH672959_279_A9_01_AE_CN_2012_CCR5	CTRPSNNTRTSTRIGPGQV-FYRTGEIIGDIRKAHC	R5
MH672960_279_B2_01_AE_CN_2012_CCR5	CTRPSNNTRTSTRIGPGQV-FYRTGEIIGDIRKAHC	R5
MH672961_279_B9_01_AE_CN_2012_CCR5	CTRPSNNTRTSTRIGPGQV-FYRTGEIIGDIRKAHC	R5
MH672962_279_C1_01_AE_CN_2012_CCR5	CTRPSNNTRTSTRIGPGQV-FYRTGEIIGDIRKAHC	R5
MH672963_279_C10_01_AE_CN_2012_CCR5	CTRPSNNTRTSTRIGPGQV-FYRTGEIIGDIRKAHC	R5
MH672964_279_C4_01_AE_CN_2012_CCR5	CTRPSNNTRTSTRIGPGQV-FYRTGEIIGDIRKAHC	R5
MH672965_279_C5_01_AE_CN_2012_CCR5	CTRPSNNTRTSTRIGPGQV-FYRTGDIIGDIRKAHC	R5
MH672966_279_D2_01_AE_CN_2012_CCR5	CTRPSNNTRTSTRIGPGQV-FYRTGEIIGDIRKAHC	R5
MH672967_279_D8_01_AE_CN_2012_CCR5	CTRPSNNTRTSTRIGPGQV-FYRTGEIIGDIRKAHC	R5
MH672968_279_E1_01_AE_CN_2012_CCR5	CTRPSNNTRTSTRIGPGQV-FYRTGEIIGDIRKAHC	R5
MH672969_279_E4_01_AE_CN_2012_CCR5	CTRPSNNTRTSTRIGPGQV-FYRTGEIIGDIRKAHC	R5
MH672970_279_F2_01_AE_CN_2012_CCR5	CTRPSNNTRTSTRIGPGQV-FYRTGEIIGDIRKAHC	R5
MH672971_279_F8_01_AE_CN_2012_CCR5	CTRPSNNTRTSTRIGPGQV-FYRTGEIIGDIRKAHC	R5
MH672972_279_G6_01_AE_CN_2012_CCR5	CTRPSNNTRTSTRIGPGQV-FYRTGEIIGDIRKAHC	R5
MH672973_279_G7_01_AE_CN_2012_CCR5	CTRPSNNTRTSTRIGPGQV-FYRTGEIIGDIRKAHC	R5
MH672974_279_G9_01_AE_CN_2012_CCR5	CTRPSNNTRTSTRIGPGQV-FYRTGEIIGDIRKAHC	R5
MH672975_279_H12_01_AE_CN_2012_CCR5	CTRPSNNTRTSTRIGPGQV-FYRTGEIIGDIRKAHC	R5
MH672976_279_H3_01_AE_CN_2012_CCR5	CTRPSNNTRTSTRIGPGQV-FYRTGEIIGDIRKAHC	R5
MH672977_279_H6_01_AE_CN_2012_CCR5	CTRPSNNTRTSTRIGPGQV-FYRTGEIIGDIRKAHC	R5
MH672978_286_A6_01_AE_CN_2012_CCR5	CTRPSNNTRTSTRIGPGQV-FYRTGDIIGDIRKAHC	R5
MH672979_286_A9_01_AE_CN_2012_CCR5	CTRPSNNTRTSTRIGPGQV-FYRTGDIIGDIRKAHC	R5
MH672980_286_B1_01_AE_CN_2012_CCR5	CTRPSNNTRTSTRIGPGQV-FYRTGDIIGDIRKAHC	R5
MH672981_286_B4_01_AE_CN_2012_CCR5	CTRPSNNTRTSTRIGPGQV-FYRTGDIIGDIRKAHC	R5
MH672982_286_C12_01_AE_CN_2012_CCR5	CTRPSNNTRTSTRIGPGQV-FYRTGDIIGDIRKAHC	R5
MH672983_286_C2_01_AE_CN_2012_CCR5	CTRPSNNTRTSTRIGPGQV-FYRTGDIIGDIRKAHC	R5
MH672984_286_C3_01_AE_CN_2012_CCR5	CTRPSNNTRTSTRIGPGQV-FYRTGDIIGDIRKAHC	R5
MH672985_286_D2_01_AE_CN_2012_CCR5	CTRPSNNTRTSTRIGPGQV-FYRTGDIIGDIRKAHC	R5
MH672986_286_D5_01_AE_CN_2012_CCR5	CTRPSNNTRTSTRIGPGQV-FYRTGDIIGDIRKAHC	R5
MH672987_286_D8_01_AE_CN_2012_CCR5	CTRPSNNTRTSTRIGPGQV-FYGTGDIIGDIRKAHC	R5
MH672988_286_E6_01_AE_CN_2012_CCR5	CTRPSNNTRTSTRIGPGQV-FYRTGDIIGDIRKAHC	R5
MH672989_286_F3_01_AE_CN_2012_CCR5	CTRPSNNTRTSTRIGPGQV-FYRTGDIIGDIRKAHC	R5
MH672990_286_G12_01_AE_CN_2012_CCR5	CTRPSNNTRTSTRIGPGQV-FYRTGDIIGDIRKAHC	R5
MH672991_286_G4_01_AE_CN_2012_CCR5	CTRPSNNTRTSTRIGPGQV-FYRTGDIIGDIRKAHC	R5
MH672992_286_H10_01_AE_CN_2012_CCR5	CTRPSNNTRTSTRIGPGQV-FYRTGDIIGDIRKAHC	R5
MH672993_286_H5_01_AE_CN_2012_CCR5	CTRPSNNTRTSTRIGPGQV-FYRTGDIIGDIRKAYC	R5
MH672994_CYM179_A1_01_AE_CN_2010_CCR5	CTRPFNNTRTSIPIGPGRA-FYRTGDIIGDIRQAYC	R5
MH672995_CYM179_A6_01_AE_CN_2010_CCR5	CTRPFNNTRTSIPIGPGRA-FYRTGDIIGDIRQAYC	R5
MH672996_CYM179_B2_01_AE_CN_2010_CCR5	CTRPFNNTRTSIPIGPGRA-FYRTGDIIGDIRQAYC	R5
MH672997_CYM179_C2_01_AE_CN_2010_CCR5	CTRPFNNTRTSIPIGPGRA-FYRTGDIIGDIRQAYC	R5
MH672998_CYM179_C3_01_AE_CN_2010_CCR5	CTRPFNNTRTSISIGPGRA-FYRTGDIIGDIRQAYC	R5
MH672999_CYM179_C4_01_AE_CN_2010_CCR5	CTRPFNNTRTSIPIGPGRA-FYRTGDIIGDIRQAYC	R5
MH673000_CYM179_D1_01_AE_CN_2010_CCR5	CTRPFNNTRTSIPIGPGRA-FYRTGDIIGDIRQAYC	R5
MH673001_CYM179_E3_01_AE_CN_2010_CCR5	CTRPFNNTRTSIPIGPGRA-FYRTGDIIGDIRQAYC	R5
MH673002_CYM179_H4_01_AE_CN_2010_CCR5	CTRPFNNTRTSIPIGPGRA-FYRTGDIIGDIRQAYC	R5
MH673003_CYM179_H5_01_AE_CN_2010_CCR5	CTRPFNNTRTSIPIGPGRA-FYRTGDIIGDIRQAYC	R5
MH673004_CYM186_A8_01_AE_CN_2010_CCR5	CTRPSNNTRTSIRIGPGQT-FYRTGDIIGDIRQAYC	R5
MH673005_CYM186_B3_01_AE_CN_2010_CCR5	CTRPSNNTRTSIRIGPGQT-FYRTGDIIGDIRQAYC	R5
MH673006_CYM186_C3_01_AE_CN_2010_CCR5	CTRPSNNTRTSIRIGPGQT-FYRTGDIIGDIRRAYC	R5
MH673007_CYM186_C4_01_AE_CN_2010_CCR5	CTRPSNNTRTSIRIGPGQT-FYRTGDIIGDIRRAYC	R5
MH673008_CYM186_C9_01_AE_CN_2010_CCR5	CTRPSNNTRTSIRIGPGQT-FYRTGDIIGDIRQAYC	R5
MH673009_CYM186_D12_01_AE_CN_2010_CCR5	CTRPSNNTRTSIRIGPGQT-FYRTGDIIGDIRQAYC	R5
MH673010_CYM186_G11_01_AE_CN_2010_CCR5	CTRPSNNTRTSIRIGPGQT-FYRTGDIIGDIRQAYC	R5
MH673011_CYM186_H7_01_AE_CN_2010_CCR5	CTRPSNNTRTSIRIGPGQT-FYRTGDIIGDIRQAYC	R5
MH673012_CYM192_A4_01_AE_CN_2010_CCR5	CTRPSNNTRKSINIGPGQA-FYQTGDIIGDIRQAYC	R5
MH673013_CYM192_D4_01_AE_CN_2010_CCR5	CTRPSNNTRKSINIGPGQA-FYQTGDIIGDIRQAYC	R5
MH673014_CYM192_D5_01_AE_CN_2010_CCR5	CTRPSNNTRKSINIGPGQA-FYQTGDIIGDIRQAYC	R5
MH673015_CYM192_E4_01_AE_CN_2010_CCR5	CTRPSNNTRISINIGPGQA-FYQTGDIIGDIRQAYC	R5
MH673016_CYM192_E5_01_AE_CN_2010_CCR5	CTRPSNNTRKSINIGPGQA-FYQTGDIIGDIRQAYC	R5
MH673018_CYM192_F3_01_AE_CN_2010_CCR5	CTRPSNNTRKSINIGPGQA-FYQTGDIIGDIRQAYC	R5
MH673019_CYM192_F5_01_AE_CN_2010_CCR5	CTRPSNNTRKSINIGPGQA-FYQTGDIIGDIRQAYC	R5
MH673020_CYM215_A7_01_AE_CN_2011_CCR5	CTRPSNNTRTSIPIGPGRA-FYRTGDIIGDIRQAYC	R5
MH673021_CYM215_A8_01_AE_CN_2011_CCR5	CTRPSNNTRTSIPIGPGRA-FYRTGDIIGDIRQAYC	R5
MH673022_CYM215_A9_01_AE_CN_2011_CCR5	CTRPSNNTRTSIPIGPGRA-FYRTGDIIGDIRQAYC	R5
MH673023_CYM215_B9_01_AE_CN_2011_CCR5	CTRPSNNTRTSIPIGPGRA-FYRTGDIIGDIRQAYC	R5
MH673024_CYM215_G11_01_AE_CN_2011_CCR5	CTRPSNNTRTSIPIGPGRA-FYRTGDIIGDIRQAYC	R5
MH673025_CYM215_H10_01_AE_CN_2011_CCR5	CTRPSNNTRTSIPIGPGRA-FYRTGDIIGDIRQAYC	R5
MH673026_CYM215_H9_01_AE_CN_2011_CCR5	CTRPSNNTRTSIPIGPGRA-FYRTGDIIGDIRQAYC	R5
MH673027_CYM255_A11_01_AE_CN_2012_CCR5	CTRPSNNTRTSISIGPGQK-FYRTGDIIGDIRQAYC	R5
MH673028_CYM255_A12_01_AE_CN_2012_CCR5	CTRPSNNTRTSISIGPGQK-FYRTGDIIGDIRQAYC	R5
MH673029_CYM255_B11_01_AE_CN_2012_CCR5	CTRPSNNTRTSISIGPGQK-FYRTGDIIGDIRQAYC	R5
MH673030_CYM255_B12_01_AE_CN_2012_CCR5	CTRPSNNTRTSISIGPGQK-FYRTGDIIGDIRQAYC	R5
MH673031_CYM255_C11_01_AE_CN_2012_CCR5	CTRPSNNTRTSISIGPGQK-FYRTGDIIGDIRQAYC	R5
MH673032_CYM255_C12_01_AE_CN_2012_CCR5	CTRPSNNTRTSISIGPGQK-FYRTGDIIGDIRQAYC	R5
MK501576_CM235_EC5_01_AE_TH_1990_CCR5	CTRPSNNTRTSIRIGPGQA-FYRTGDIIGDIRKAYC	R5
MK501577_CM240_EC1_01_AE_TH_1990_CCR5	CTRPSNNTRTSITIGPGRV-FYRTGDIIGNIRKAYC	R5
MK501578_CM244_EC1_01_AE_TH_1990_CCR5	CTRPSNNTRTSITIGPGQV-FYRTGDIIGDIRKAYC	R5
MK501592_NI1046_EC3_01_AE_TH_1996_CCR5	CTRPSNNTRTSITIGPGQV-FYRTGDITGDIRKAFC	R5
MK501594_NI1149_EC1_01_AE_TH_1996_CCR5	CTRPSNNTRTSITIGPGQV-FYRTGDIIGDIRKAYC	R5
MN703151_DE00116PH008_01_AE_PH_2016_CCR5	CTRPGNNTRTGVTIGPGQV-FYRTGDIIGDIRKAYC	R5
MT222956_DE00115VN004_01_AE_VN_2015_CCR5	CTRPF-NTKMGVTRGPGRV-YYRTEKIVGDIKQAYC	R5
PP098661_G19092_01_AE_CN_-_CCR5	CTRPSNNTRKSITIGPGQI-FYRSGDVIGDIRQAHC	R5
PP098662_G19099_01_AE_CN_-_CCR5	CTRPSNNTRTSIPMGPGKV-FYRTGEIIGDIRKAYC	R5
PP098663_G19070_01_AE_CN_-_CCR5	CIRPNNNTRTSIHIGPGQV-FYKTGEIIGDIRQAHC	R5
PP098664_G19077_01_AE_CN_-_CCR5	CTRPSNNTRQSITIGPGRV-FFRAGEIIGDIRKAYC	R5
PP098665_G19074_01_AE_CN_-_CCR5	CTRPSNNTRTSIRIGPGQV-FYRTGEIIGDIRKAYC	R5
PP098666_G19080_01_AE_CN_-_CCR5	CTRPSNNTRKSTPIGLGQV-LYRTGDIIGNIRQAYC	R5
PP098667_G19079_01_AE_CN_-_CCR5	CTRPSNNTRTSIRIGPGQV-FYQTGEIIGDIRKAYC	R5
PP098668_G19078_01_AE_CN_-_CCR5	CTRPSNNTRTSVTIGPGQV-FYKTGDIIGDIRQAYC	R5
PP098682_G19171_01_AE_CN_-_CCR5	CTRPSNNTRTSIRIGPGQM-FYRTGDIIGDIRKAYC	R5
PP098683_G19178_01_AE_CN_-_CCR5	CTRPSNNTRTSIRIGPGQL-FYRTGDIIGNPRKAYC	R5
PP098684_G19182_01_AE_CN_-_CCR5	CTRPSNNTRTSTRIGPGQV-FYRTGEITGDIRKAHC	R5
PP098685_G19223_01_AE_CN_-_CCR5	CTRPSNNTRMSTRIGPGQM-FYRTGDIIGDIRKAYC	R5
PP098686_G19240_01_AE_CN_-_CCR5	CTRPSNNTRTSTRIGPGQV-FYRTGEIIGDIRKAHC	R5
PP098687_G19243_01_AE_CN_-_CCR5	CIRPFNNTRTSIRIGPGQM-FYRTGDIIGDIRKAHC	R5
PP098688_G19249_01_AE_CN_-_CCR5	CTRPSNNTRTSIRIGPGQM-FYRTGDIIGDIRKAHC	R5
PP098689_G19252_01_AE_CN_-_CCR5	CTRPSNNTRKSTRIGPGQM-FYRTGDIIGDIRKAYC	R5
PP098690_G19279_01_AE_CN_-_CCR5	CTRPSNNTRTSTRIGPGQV-FYRTGEIIGDIRKAHC	R5
PP098691_G19280_01_AE_CN_-_CCR5	CTRPSNNTRTSTRIGPGQM-FYRTGDIIGDIRKAYC	R5
PP098692_G19286_01_AE_CN_-_CCR5	CTRPSNNTRTSTRIGPGQV-FYRTGDIIGDIRKAHC	R5
PP098693_G19167_01_AE_CN_-_CCR5	CTRPSNNTRESINIGPGRA-FYRIGDIIGDIRQAFC	R5
PP098694_G19179_01_AE_CN_-_CCR5	CTRPFNNTRTSIPIGPGRA-FYRTGDIIGDIRQAYC	R5
PP098695_G19186_01_AE_CN_-_CCR5	CTRPSNNTRTSIRIGPGQT-FYRTGDIIGDIRQAYC	R5
PP098696_G19192_01_AE_CN_-_CCR5	CTRPSNNTRKSINIGPGQA-FYQTGDIIGDIRQAYC	R5
PP098697_G19215_01_AE_CN_-_CCR5	CTRPSNNTRTSIPIGPGRA-FYRTGDIIGDIRQAYC	R5
PP098698_G19250_01_AE_CN_-_CCR5	CTRPSNNTRTSVRIGPGST-FYRTGDIIGDIRKAYC	R5
PP098699_G19255_01_AE_CN_-_CCR5	CTRPSNNTRTSISIGPGQK-FYRTGDIIGDIRQAYC	R5
PP098700_G19293_01_AE_CN_-_CCR5	CTRPSNNTRTSIPMGPGRA-FYRTGDIIGDIRQAYC	R5
U08456_93TH966_8_01_AE_TH_1993_CCR5	CTRPSNNTRTSTTIGPGQV-FYRTGDITGNIRKAYC	R5
U08458_93TH976_17_01_AE_TH_1993_CCR5	CTRPSTNTRTSIRIGPGQV-FYRTGDITGDIRKAYC	R5
U08742_92TH001_1gCR_01_AE_TH_1992_CCR5	CTRPSNNTRTSINIGPGQV-FYRTGDIIGDIRKAYC	R5
U08743_92TH003_1gCR_01_AE_TH_1992_CCR5	CTRPSNNTRTSITVGPGQV-FYRTGDITGDIRKAYC	R5
U08744_92TH005_1gER_01_AE_TH_1992_CCR5	CTRPSNNTRTSIPIGPGQV-FYRTGDIIGDIRKAYC	R5
U08745_92TH005_e_01_AE_TH_1992_CCR5	CTRPSNNTRTSIPIGPGQV-FYRTGDIIGDIRKAYC	R5
U08746_92TH006_01_AE_TH_1992_CCR5	CTRPSNNTRTSITIGPGQV-FYRTGDIIGDIRQAYC	R5
U08747_92TH007_01_AE_TH_1992_CCR5	CTRPSNNTRTSINIGPGQV-FYRTGDIIGDIRKAYC	R5
U08748_92TH009_1gCR_01_AE_TH_1992_CCR5	CTRPSNNTRTSITIGPGQV-FYRTGDIIGDIRKAYC	R5
U08753_92TH019_01_AE_TH_1992_CCR5	CTRPSNNTRTSITIGPGQV-FYRTGDIIGDIRKAHC	R5
U08754_92TH020_01_AE_TH_1992_CCR5	CTRPFNNTRTSLTIGPGQV-FYRTGDIIGDIRKAYC	R5
U08755_92TH020_01_AE_TH_1992_CCR5	CTRPFNNTRTSLTIGPGQV-FYRTGDIIGDIRKAYC	R5
U08756_92TH021_01_AE_TH_1992_CCR5	CTRPSNNTRTSITIGPGQV-FYRTGDIIGDIRKAYC	R5
U08757_92TH022_1gER_01_AE_TH_1992_CCR5	CTRPSNNTRTSITIGPGQV-FYRTGDIIGDIRRAYC	R5
U08758_92TH022_1gCR_01_AE_TH_1992_CCR5	CTRPSNNTRTSITIGPGQV-FYRTGDIIGDIRRAYC	R5
U08759_92TH023_1gER_01_AE_TH_1992_CCR5	CTRPSNNTRTSINIGPGQV-FYRTGDIIGDIRKAYC	R5
U08760_92TH023_1gCR_01_AE_TH_1992_CCR5	CTRPSNNTRTSINIGPGQV-FYRTGDIIGDIRKAYC	R5
U08761_92TH024_01_AE_TH_1992_CCR5	CTRPSNNTRTSITIGPGQV-FYKTGDIIGDIRKAYC	R5
U08810_TH0065_01_AE_TH_1992_CCR5	CTRPSNNTRTSITIGPGQV-FYRTGDIIGDIRQAYC	R5
U08825_92TH001_01_01_AE_TH_1992_CCR5	CTRPSNNTRTSINIGPGQV-FYRTGDIIGDIRKAYC	R5
U08826_92TH003_di1sCD_01_AE_TH_1992_CCR5	CTRPSNNTRTSITVGPGQV-FYRTGDITGDIRKAYC	R5
U08827_92TH005_di1sCD_01_AE_TH_1992_CCR5	CTRPSNNTRTSIPIGPGQV-FYRTGDIIGDIRKAYC	R5
U08828_92TH006_01_AE_TH_1992_CCR5	CTRPSNNTRTSITIGPGQV-FYRTGDIIGDIRQAYC	R5
U08829_92TH007_01_AE_TH_1992_CCR5	CTRPSNNTRTSINIGPGQV-FYRTGDIIGDIRKAYC	R5
U08830_92TH009_01_01_AE_TH_1992_CCR5	CTRPSNNTRTSITIGPGQV-FYRTGDIIGDIRKAYC	R5
U08831_92TH019_01_AE_TH_1992_CCR5	CTRPSNNTRTSITIGPGQV-FYRTGDIIGDIRKAHC	R5
U08832_92TH020_01_AE_TH_1992_CCR5	CTRPSNNTRTSITIGPGQV-FYRTGDIIGDIRKAHC	R5
U08833_92TH021_01_AE_TH_1992_CCR5	CTRPFNNTRTSLTIGPGQV-FYRTGDIIGDIRKAYC	R5
U08834_92TH022_di1sCD_01_AE_TH_1992_CCR5	CTRPSNNTRTSITIGPGQV-FYRTGDIIGDIRRAYC	R5
U08835_92TH023_di1sCD_01_AE_TH_1992_CCR5	CTRPSNNTRTSINIGPGQV-FYRTGDIIGDIRKAYC	R5
U08836_92TH024_01_AE_TH_1992_CCR5	CTRPSNNTRTSITIGPGQV-LYKTGDIIGDIRKAYC	R5
U09131_92TH022_04_01_AE_TH_1992_CCR5	CTRPSNNTRTSITIGPGQV-FYRTGDIIGDIRRAYC	R5
U39256_92TH001_42_01_AE_TH_1992_CCR5	CTRPSNNTRTSINIGPGQV-FYRTGDIIGDIRKAYC	R5
U54771_CM240_01_AE_TH_1990_CCR5	CTRPSNNTRTSITIGPGRV-FYRTGDIIGNIRKAYC	R5
AB014785_NH2_II_C19_01_AE_JP_1996_CXCR4	CTRPSNPTRTRITMGPGRVWYRTGEITGSIRKAYC	X4
AB014786_NH2_II_C2_01_AE_JP_1996_CXCR4	CTRPSNPTRTRITMGPGRVWYRTGEITGSIRKAYC	X4
AB014791_NH2_II_C3_01_AE_JP_1996_CXCR4	CTRPSNPTRTRITMGPGRVWYRTGEITGSIKKAYC	X4
AB014793_NH2_II_C31_01_AE_JP_1996_CXCR4	CTRPSNPTRTRITMGPGRVWYRTGDIIGDIRQAYC	X4
AB014796_NH2_III_12A_01_AE_JP_1997_CXCR4	CTRPSNTTRTRITMGPGRVWYRTGEITGNIRKAYC	X4
AB014799_NH2_III_14A_01_AE_JP_1997_CXCR4	CTRPSNPTRTRITMGPGRVWYRTGEITGSIRKAYC	X4
AB014801_NH2_III_2_01_AE_JP_1997_CXCR4	CTRPSNPTRTRITMGPGRVWYRTGEITGNIRKAYC	X4
AB014805_NH2_III_7_01_AE_JP_1997_CXCR4	CTRPSNPTRTRITMGPGRVWYRTGEITGNIRKAYC	X4
AB014806_NH2_III_7A_01_AE_JP_1997_CXCR4	CTRPSNPTRTRITMGPGRVWYRTGEITGSIRKAYC	X4
AB014810_NH2_III_K1_01_AE_JP_1997_CXCR4	CTRPSNNTRTRVTLGPGRVWYRTGEIIGDMRKAYC	X4
AB014811_NH2_III_K2_01_AE_JP_1997_CXCR4	CTRPSNNTRTRVTLGPGRVWYRTGEIIGDMRKAYC	X4
AB014812_NH2_III_K3_01_AE_JP_1997_CXCR4	CTRPSNNTRTRVTLGPGRVWYRTGEIIGDMRKAYC	X4
AF355686_15prea3_01_AE_NL_-_CXCR4	CTRPNNKIRTSFRIGPGQVFYKTGDITGDIRKAYC	X4
AF355687_15prea6_01_AE_NL_-_CXCR4	CTRPNNKIRTSFRIGPGQVFYKTGDITGDIRKAYC	X4
AF355688_15prea9_01_AE_NL_-_CXCR4	CTRPNNKIRTSFRIGPGQVFYKTGDITGDIRKAYC	X4
AF355689_15prea12_01_AE_NL_-_CXCR4	CTRPNNKIRTSFRIGPGQVFYKTGDITGDIRKAYC	X4
AF355691_15preb5_01_AE_NL_-_CXCR4	CTRPNNKIRTSFRIGPGQVFYKTGDITGDIRKAYC	X4
AF355693_15pree1_01_AE_NL_-_CXCR4	CTRPNNKIRTSFRIGPGQVFYKTGDITGDIRKAYC	X4
AF355694_15pree3_01_AE_NL_-_CXCR4	CTRPNNKIRTSFRIGPGQVFYKTGDITGDIRKAYC	X4
AF355695_15pree7_01_AE_NL_-_CXCR4	CTRPNNKIRTSFRIGPGQVFYKTGDITGDIRKAYC	X4
AF355696_15pree9_01_AE_NL_-_CXCR4	CTRPNNKIRTSFRIGPGQVFYKTGDITGDIRKAYC	X4
AF355697_15pree12_01_AE_NL_-_CXCR4	CTRPNNKIRTSFRIGPGQVFYKTGDITGDIRKAYC	X4
AF355698_15pref2_01_AE_NL_-_CXCR4	CTRPNNKIRTSFRIGPGQVFYKTGDITGDIRKAYC	X4
AF355700_15pref12_01_AE_NL_-_CXCR4	CTRPNNKIRTSFRIGPGQVFYKTGDITGDIRKAYC	X4
AF355702_15preg11_01_AE_NL_-_CXCR4	CTRPNNKIRTSFRIGPGQVFYKTGDITGDIRKAYC	X4
AF355706_1549D12_01_AE_NL_-_CXCR4	CTRPNNKIRTSFRIGPGQVFYKTGDITGDIRKAYC	X4
AF355708_1549G3_01_AE_NL_-_CXCR4	CTRPSNKIRTSFRIGPGQVFYRTGDITGDIRKAYC	X4
AF355709_1549H3_01_AE_NL_-_CXCR4	CTRPNNKIRTSFRIGPGQVFYKTGDITGDIRKAYC	X4
AY494967_C2_CMU02_01_AE_TH_1993_CXCR4	CTRPF-YTRISMTRGPGHVFYRTGKIVGDPRKAYC	X4
AY619854_M3_2D_01_AE_SE_-_CXCR4	CTRPFNNTRTSVGVGPGQVFYKTGDIIGDIRRAYC	X4
AY619855_M3_3D_01_AE_SE_-_CXCR4	CTRPFNNTRTSVGIGPGQVFYKTGDIIGDIRRAYC	X4
AY619856_M3_4D_01_AE_SE_-_CXCR4	CTRPYNNTRTSVRIGPGQAFYKTGEIVGDIRRAYC	X4
AY619857_M3_1D_01_AE_SE_-_CXCR4	CTRPFNNTRTSVRIGPGQAFYKTGDIVGDIRRAYC	X4
AY619858_M3_11D_01_AE_SE_-_CXCR4	CTRPYNNTRTSVRIGPGQAFYKTGDIVGDIRRAYC	X4
AY619859_M3_13R_01_AE_SE_-_CXCR4	CTRPYNNTRTSVRIGPGQAFYKTGEIIGDIRRAYC	X4
AY619860_M3_15R_01_AE_SE_-_CXCR4	CTRPYNNTRTSVRIGPGQAFYKTGEIIGDIRRAYC	X4
AY619861_M3_5D_01_AE_SE_-_CXCR4	CTRPFNNTRTSVGIGPGQVFYKTGDIIGDIRRAYC	X4
AY619862_M3_6D_01_AE_SE_-_CXCR4	CTRPFNNTRTSVRIGPGQVFYKTGDITGDIRRAYC	X4
AY619863_M3_7D_01_AE_SE_-_CXCR4	CTRPYNNTRTSVRIGPGQAFYKTGDIVGDIRRAYC	X4
AY619864_M3_8D_01_AE_SE_-_CXCR4	CTRPFKNMRTSVRIGPGRVFHKTGSITGDIRRAYC	X4
AY619865_M3_9D_01_AE_SE_-_CXCR4	CTRPYNNTRTSVRIGPGQAFYKTGDIVGDIRRAYC	X4
AY619866_M3_10D_01_AE_SE_-_CXCR4	CTRPFNNTRTSVRIGPGQAFYKTGDIVGDIRRAYC	X4
AY619867_M2_11D_01_AE_SE_-_CXCR4	CTRPYNNTRTSVRIGPGQAFYKTGDIVGDIRRAYC	X4
AY619868_M2_12D_01_AE_SE_-_CXCR4	CTRPYNNTRTSVRIGPGQAFYKTGDIVGDIRRAYC	X4
AY619869_M3_6R_01_AE_SE_-_CXCR4	CTRPFNNTRTSVRIGPGQAFYKTGDIVGDIRRAYC	X4
AY619870_M3_8R_01_AE_SE_-_CXCR4	CTRPFKKMRTSVRIGPGRVFYKTGSITGDIRRAYC	X4
AY619871_M3_9R_01_AE_SE_-_CXCR4	CTRPFNNTRTSVGIGPGQVFYKTGDIIGDIRRAYC	X4
AY619872_M3_1R_01_AE_SE_-_CXCR4	CTRPYNNTRTSVRIGPGQAFYKAGEIIGDIRRAYC	X4
AY619873_M3_2R_01_AE_SE_-_CXCR4	CTRPYNNTRTSVRIGPGQAFYKTGEIIGDIRRAYC	X4
AY619874_M3_7R_01_AE_SE_-_CXCR4	CTRPFNNTRTSVRIGPGQAFYKTGDIVGDIRRAYC	X4
AY619880_M2_2D_01_AE_SE_-_CXCR4	CTRPYNNTRTSVRIGPGQAFYKTGDIVGDIRRAYC	X4
AY619881_M2_4D_01_AE_SE_-_CXCR4	CTRPFKNIRTSVRIGPGRVFYKTGAITGDIRRAYC	X4
AY619882_M2_5D_01_AE_SE_-_CXCR4	CTRPFNNTRTSVRIGPGQVFYKTGEIIGDIRRAYC	X4
AY619883_M2_6D_01_AE_SE_-_CXCR4	CTRPFKNIRTSARIGPGRVFYKTGSITGDIRRAYC	X4
AY619884_M2_7D_01_AE_SE_-_CXCR4	CTRPFKNIRTSVRIGPGRVFHKTGAITGDIRRAYC	X4
AY619885_M2_8D_01_AE_SE_-_CXCR4	CTRPYNNTRTSVRIGPGQAFYKTGDIVGDIRRAYC	X4
AY619886_M2_10D_01_AE_SE_-_CXCR4	CTRPFKNIRTSVRIGPGRVFHKTGAITGDIRRAYC	X4
AY619887_M2_13D_01_AE_SE_-_CXCR4	CTRPYNNTRTSVRIGPGQAFYKTGDIIGDIRRAYC	X4
AY619888_M2_14D_01_AE_SE_-_CXCR4	CTRPFKNVRTSVRIGPGRVFYKTGAITGDIRRAYC	X4
AY619889_M2_1D_01_AE_SE_-_CXCR4	CTRPFKNIRTSVRIGPGRVFYKTGAITGDIRRAYC	X4
AY619899_M3_10R_01_AE_SE_-_CXCR4	CTRPYNNTRTSVRIGPGQAFYKTGEIIGDIRRAYC	X4
AY619900_M3_11R_01_AE_SE_-_CXCR4	CTRPYNNTRTSVRIGPGQAFYKTGEIIGDIRRAYC	X4
AY619901_M3_14R_01_AE_SE_-_CXCR4	CTRPFKKMRTSVRIGPGRVFYKTGSITGDIRRAYC	X4
AY619902_M3_3R_01_AE_SE_-_CXCR4	CTRPFKNMRTSVRIGPGRVFHKTGSITGDIRRAYC	X4
AY619903_M3_4R_01_AE_SE_-_CXCR4	CTRPYNNTRTSVRIGPGQAFYKTGEIIGDIRRAYC	X4
AY619904_M3_5R_01_AE_SE_-_CXCR4	CTRPYNNTRTSVRIGPGQAFYKTGDIVGDIRRAYC	X4
AY619908_M2_9D_01_AE_SE_-_CXCR4	CTRPYNNTRTSVRIGPGQAFYKTGDIIGDIRRAYC	X4
AY619912_M3_12R_01_AE_SE_-_CXCR4	CTRPFKKMRTSVRIGPGRVFYKTGSITGDIRRAYC	X4
AY619914_M2_3D_01_AE_SE_-_CXCR4	CTRPFKNMRTSARIGPGRVFYKTGAILGDIRRAYC	X4
AY619915_M3_X4_ci_01_AE_SE_-_CXCR4	CTRPFKKMRTSVRIGPGRVFYKTGSITGDIRRAYC	X4
AY619916_M3_X4_pi_01_AE_SE_-_CXCR4	CTRPFKKMRTSVRIGPGRVFYKTGSITGDIRRAYC	X4
AY619931_C4_X4_ci_01_AE_SE_-_CXCR4	CTRPYYTKRASVRIGLGQAFHRTKEIVGDIRRAHC	X4
AY669779_CMU02_01_AE_TH_1993_CXCR4	CTRPF-YTRISMTRGPGHVFYRTGKIVGDPRKAYC	X4
AY713419_97TH_NP1695_01_AE_TH_1997_CXCR4	CIRPYNNTRTKMTMGPGHVFYKTENIIGSVKKAHC	X4
AY713423_99TH_NI1052_01_AE_TH_1999_CXCR4	CTRPFINTRVSSRIGPGRVFYSTEDIKGVLRKAYC	X4
AY713424_96TH_M02138_01_AE_TH_1996_CXCR4	CTRPY-NTKIKVTRGPGRVYYRTGEITGDIRKAYC	X4
DQ177196_VI2617_01_AE_BE_2002_CXCR4	CTRPYDNLVTKITMGPGRVYYRTENIKQGTKMAYC	X4
EU743775_60CC3_01_AE_TH_2006_CXCR4	CTRPSGNRRTRITMGPGRVFYRTGEIVGDIRKAHC	X4
EU743779_65CC1_01_AE_TH_2006_CXCR4	CTRPY-DTKIRMTRGPGKVFYHTGDIIGDIRKAFC	X4
EU743780_65CC4_01_AE_TH_2006_CXCR4	CTRPY-ETKIRMTRGPGKVFYHTGDIIGDIRKAFC	X4
EU743782_98CC2_01_AE_TH_2006_CXCR4	CTRPFKNVRTSLRIGPGRVFYRTGGITGDIRKAYC	X4
EU743783_98CC3_01_AE_TH_2006_CXCR4	CTRPFKNVRTSLRIGPGRVFYRTGGITGDIRKAYC	X4
EU743794_107CC2_01_AE_TH_2006_CXCR4	CTRPYESIRIRTSIGQGQVLDRTENIKGDIRKAYC	X4
GU475018_GX88_47_01_AE_CN_2008_CXCR4	CTRPSNRTRTRMTMGLGHVFYKTEIITGDIRKAYC	X4
GU475038_GX73_29_01_AE_CN_2008_CXCR4	CTRPF-KTEIRITRGPGRVFYRTGNIVGDPRKAYC	X4
HM246199_PBMC023_01_AE_FR_2007_CXCR4	CTRPFKKIRTSLRIGPGQVFYRTGGINGDIRRAHC	X4
HQ699986_CNE107_01_AE_CN_2007_CXCR4	CTRPSNHQRKRITMGPGRVYYSTGEITGDIRKAYC	X4
JQ715409_NI1052_01_AE_TH_1999_CXCR4	CTRPFINTRVSSRIGPGRVFYSTEDIKGVLRKAYC	X4
JQ715414_NP1695_01_AE_TH_1997_CXCR4	CIRPYNNTRTKMTMGPGHVFYKTENIIGSVKKAHC	X4
JX535768_CRF01-AE-102_01_AE_FR_2010_CXCR4	CTRPFKKIRTSLRIGPGQVFYRTGGINGDIRRAHC	X4
JX535770_CRF01-AE-104_01_AE_FR_2010_CXCR4	CTRPSNNKRTRITMGPGRVFYRTGAIIGDIRKARC	X4
JX535787_CRF01-AE-484_01_AE_FR_2010_CXCR4	CTRPI-NVEIGVTRGPGRVYYKTGKITGDIRKAYC	X4
JX535792_CRF01-AE-583_01_AE_FR_2010_CXCR4	CTRPANKTRMRMTIGPGKVYYRTEDITGDIRKAYC	X4
MK501593_NI1052_EC2_01_AE_TH_1999_CXCR4	CTRPFINTRVSSRIGPGRVFYSTEDIKGVLRKAYC	X4
MK501597_NP1695_EC2_01_AE_TH_1997_CXCR4	CIRPYNNTRTKMTMGPGHVFYKTENIIGSVKKAHC	X4
OM826774_40700v03_06_TF_01_AE_TH_2013_CXCR4	CTRPSNKIRTSLRIGPGRVFHRTGGITGDIRQAYC	X4
PP098655_G19081_01_AE_CN_-_CXCR4	CTRPSKNIRTSIRIGPGRSFYRTEGIEGDIRRAYC	X4
PP098680_G19248_01_AE_CN_-_CXCR4	CTRPSNIMRTPTRIGPGQVFYRTGAITGDIRKAHC	X4
U25552_CMU02A2_01_AE_TH_1993_CXCR4	CTRPF-YTRISMTRGPGHVFYRTGKIVGDPRKAYC	X4
U25553_CMU02B_01_AE_TH_1993_CXCR4	CTRPF-YTRISMTRGPGYVFYRTGKIVGDPRKAYC	X4
U25554_CMU02C_01_AE_TH_1993_CXCR4	CTRPF-YTRISMTRGPGHVFYRTGKIVGDPRKAYC	X4
U25572_CMU08A2_01_AE_TH_1993_CXCR4	CTRPSNKKRQRVTIGPGRVYYSTGDIMGDIRKAHC	X4
U25573_CMU08B2_01_AE_TH_1993_CXCR4	CTRPSNKKRQRVTIGPGRVYYSTGDIMGDIRKAHC	X4
U25574_CMU10A2_01_AE_TH_1993_CXCR4	CTRPFYNKRTRTSIGQGQVLYRTGDITGNIGKPYC	X4
U25575_CMU10B_01_AE_TH_1993_CXCR4	CTRPFYNKRTRTSIGQGRVLYRTGDITGNIGKPYC	X4
U25576_CMU10C_01_AE_TH_1993_CXCR4	CTRPFYNKRTRTSIGQGRVLYRTGDITGNIGKPYC	X4
U48267_CMU02_01_AE_TH_1993_CXCR4	CTRPF-YTRISMTRGPGHVFYRTGKIVGDPRKAYC	X4
U48268_CMU08_01_AE_TH_1993_CXCR4	CTRPSNKKRQRVTIGPGRVYYSTGDIMGDIRKAHC	X4